Country,Agricultural_Land,Arable_Land (%% of Total Agricultural Land),Area_Total,Exports_billion_USD,Imports_billion_USD,Irrigated_Land,Land_Area,Permanent_Crops (%% of Total Agricultural Land),Permanent_Pasture (%% of Total Agricultural Land),Population_Growth_Rate,Real_GDP_Growth_Rate_percent,Total_Population,Water_Area,electricity_access_percent,electricity_generating_capacity_kW,railways_km,roadways_km,waterways_km
AFGHANISTAN,58.1,11.8,"652,230 sq km",1.48,6.98,"24,930 sq km","652,230 sq km",0.3,46.0,2.26,-20.74,39232003.0,0 sq km,97.0,776000.0,,34903.0,1200.0
ALBANIA,42.8,22.3,"28,748 sq km",5.61,8.0,"1,820 sq km","27,398 sq km",3.0,17.4,0.19,8.52,3101621.0,"1,350 sq km",100.0,2531000.0,424.0,3945.0,41.0
ALGERIA,17.4,3.2,"2,381,740 sq km",41.78,44.32,"12,605 sq km","2,381,740 sq km",0.4,13.8,1.27,3.5,44758398.0,0 sq km,99.0,21694000.0,4020.0,104000.0,
AMERICAN SAMOA,24.5,15.0,224 sq km,428.0,615.0,0 sq km,224 sq km,9.5,0.0,1.74,-1.87,44620.0,0 sq km,59.0,47000.0,,241.0,
ANDORRA,40.0,1.7,468 sq km,497.87,476.68,0 sq km,468 sq km,0.0,38.3,0.11,5.52,85468.0,0 sq km,100.0,115837000.0,0.0,269.0,0.0
ANGOLA,45.7,3.9,"1,246,700 sq km",33.67,18.84,860 sq km,"1,246,700 sq km",0.3,41.5,3.34,1.1,35981281.0,0 sq km,48.0,7344000.0,2761.0,26000.0,1300.0
ANGUILLA,0.0,0.0,91 sq km,7.9,186.2,0 sq km,91 sq km,0.0,0.0,1.77,-8.5,19079.0,0 sq km,100.0,,,175.0,
ANTIGUA AND BARBUDA,20.5,9.0,443 sq km,749.48,868.8,1.3 sq km,443 sq km,2.3,9.0,1.13,5.27,101489.0,0 sq km,100.0,117000.0,,1170.0,
ARGENTINA,53.9,13.9,"2,780,400 sq km",87.42,72.36,"23,600 sq km","2,736,690 sq km",0.4,39.6,0.8,10.4,46621847.0,"43,710 sq km",100.0,44731000.0,17866.0,281290.0,11000.0
ARMENIA,59.7,15.8,"29,743 sq km",5.01,6.12,"1,554 sq km","28,203 sq km",1.9,42.0,0.4,5.7,2989091.0,"1,540 sq km",100.0,3633000.0,686.0,7700.0,
ARUBA,11.1,11.1,180 sq km,2.2,1.95,,180 sq km,0.0,0.0,1.11,17.17,123.0,0 sq km,100.0,296000.0,,1000.0,
AUSTRALIA,46.65,4.03,"7,741,220 sq km",389.79,298.71,"15,210 sq km","7,682,300 sq km",0.04,42.58,1.19,2.24,26461166.0,"58,920 sq km",100.0,82517000.0,36064.0,873573.0,2000.0
AUSTRIA,38.4,16.5,"83,871 sq km",268.28,265.77,382 sq km,"82,445 sq km",0.8,21.1,0.31,4.56,8940860.0,"1,426 sq km",100.0,28376000.0,6123.0,137039.0,358.0
AZERBAIJAN,57.6,22.8,"86,600 sq km",25.49,16.34,"14,649 sq km","82,629 sq km",2.7,32.1,0.63,5.6,10420515.0,"3,971 sq km",100.0,7677000.0,,24981.0,
"BAHAMAS, THE",1.4,0.8,"13,880 sq km",3.2,4.92,10 sq km,"10,010 sq km",0.4,0.2,0.8,13.72,358508.0,"3,870 sq km",100.0,578000.0,,2700.0,
BAHRAIN,11.3,2.1,760 sq km,35.23,27.58,40 sq km,760 sq km,3.9,5.3,0.85,2.23,1553886.0,0 sq km,100.0,6982000.0,,4122.0,
BANGLADESH,70.1,59.0,"148,460 sq km",49.39,85.3,"81,270 sq km","130,170 sq km",6.5,4.6,0.91,6.94,167184465.0,"18,290 sq km",98.0,18461000.0,2460.0,369105.0,8370.0
BARBADOS,32.6,25.6,430 sq km,357.0,2.12,50 sq km,430 sq km,2.3,4.7,0.24,-0.19,303431.0,0 sq km,100.0,311000.0,,1700.0,
BELARUS,43.7,27.2,"207,600 sq km",49.42,45.46,303 sq km,"202,900 sq km",0.6,15.9,0.32,2.3,9383853.0,"4,700 sq km",100.0,11360000.0,5528.0,86600.0,2500.0
BELGIUM,44.1,27.2,"30,528 sq km",515.62,509.02,57 sq km,"30,278 sq km",0.8,16.1,0.55,6.13,11913633.0,250 sq km,100.0,26929000.0,3602.0,118414.0,2043.0
BELIZE,6.9,3.3,"22,966 sq km",1.04,1.25,35 sq km,"22,806 sq km",1.4,2.2,1.61,15.23,419137.0,160 sq km,97.0,204000.0,,3281.0,825.0
BENIN,31.3,22.9,"112,622 sq km",3.51,3.94,172 sq km,"110,622 sq km",3.5,4.9,3.31,7.16,14219908.0,"2,000 sq km",41.0,475000.0,438.0,16000.0,150.0
BERMUDA,14.8,14.8,54 sq km,1.12,1.93,,54 sq km,0.0,0.0,0.32,5.41,72576.0,0 sq km,100.0,172000.0,,447.0,
BHUTAN,13.6,2.6,"38,394 sq km",741.6,1.03,320 sq km,"38,394 sq km",0.3,10.7,0.96,4.09,876181.0,0 sq km,100.0,2334000.0,,12205.0,
BOLIVIA,34.3,3.6,"1,098,581 sq km",11.44,10.8,"2,972 sq km","1,083,301 sq km",0.2,30.5,1.06,6.11,12186079.0,"15,280 sq km",98.0,3834000.0,3960.0,90568.0,10000.0
BOSNIA AND HERZEGOVINA,42.2,19.7,"51,197 sq km",9.95,12.73,30 sq km,"51,187 sq km",2.0,20.5,0.23,7.55,3807764.0,10 sq km,100.0,4775000.0,965.0,22926.0,990.0
BOTSWANA,45.8,0.6,"581,730 sq km",7.93,9.28,25 sq km,"566,730 sq km",0.0,45.2,1.37,11.37,2417596.0,"15,000 sq km",73.0,766000.0,888.0,31747.0,
BRAZIL,32.9,8.6,"8,515,770 sq km",317.18,297.92,"69,029 sq km","8,358,140 sq km",0.8,23.5,0.64,4.62,218689757.0,"157,630 sq km",99.0,195037000.0,29850.0,2000000.0,50000.0
BRITISH VIRGIN ISLANDS,46.7,6.7,151 sq km,23.0,300.0,,151 sq km,6.7,33.3,1.87,2.0,39369.0,0 sq km,100.0,33000.0,,200.0,
BRUNEI,2.5,0.8,"5,765 sq km",11.2,9.22,10 sq km,"5,265 sq km",1.1,0.6,1.43,-1.59,484991.0,500 sq km,100.0,1261000.0,,2976.0,209.0
BULGARIA,46.9,29.9,"110,879 sq km",51.51,50.06,987 sq km,"108,489 sq km",1.5,15.5,0.66,7.63,6827736.0,"2,390 sq km",99.0,11097000.0,4029.0,19512.0,470.0
BURKINA FASO,44.2,22.0,"274,200 sq km",5.36,4.78,550 sq km,"273,800 sq km",37.0,21.93,2.46,6.91,22489126.0,400 sq km,18.0,392000.0,622.0,15304.0,
BURMA,19.2,16.5,"676,578 sq km",20.4,23.1,"17,140 sq km","653,508 sq km",2.2,0.5,0.75,-17.91,57970293.0,"23,070 sq km",72.0,7247000.0,5031.0,157000.0,12800.0
BURUNDI,73.3,38.9,"27,830 sq km",285.11,905.29,230 sq km,"25,680 sq km",15.6,18.8,3.59,1.8,13162952.0,"2,150 sq km",10.0,100000.0,,12322.0,673.0
CABO VERDE,18.6,11.7,"4,033 sq km",459.92,1.12,35 sq km,"4,033 sq km",0.7,6.2,1.19,6.95,603901.0,0 sq km,95.0,205000.0,,1350.0,
CAMBODIA,32.1,22.7,"181,035 sq km",20.13,32.83,"3,540 sq km","176,515 sq km",0.9,8.5,1.04,3.03,16891245.0,"4,520 sq km",82.0,2954000.0,642.0,47263.0,3700.0
CAMEROON,20.6,13.1,"475,440 sq km",7.45,9.03,290 sq km,"472,710 sq km",3.3,4.2,2.73,3.65,30135732.0,"2,730 sq km",65.0,1754000.0,987.0,77589.0,
CANADA,6.8,4.7,"9,984,670 sq km",611.15,609.26,"9,045 sq km","9,093,507 sq km",0.5,1.6,0.73,4.54,38516736.0,"891,163 sq km",100.0,153251000.0,49422.0,1042300.0,636.0
CAYMAN ISLANDS,11.2,0.8,264 sq km,,,,264 sq km,2.1,8.3,1.79,,65483.0,0 sq km,,,,,
CENTRAL AFRICAN REPUBLIC,8.1,2.9,"622,984 sq km",113.7,393.1,10 sq km,"622,984 sq km",0.1,5.1,1.77,0.9,5552228.0,0 sq km,15.0,38000.0,,24000.0,2800.0
CHAD,39.6,3.9,1.284 million sq km,2.46,2.16,300 sq km,"1,259,200 sq km",0.0,35.7,3.05,-1.2,18523165.0,"24,800 sq km",11.0,87000.0,,40000.0,12400.0
CHILE,21.1,1.7,"756,102 sq km",100.63,102.09,"11,100 sq km","743,812 sq km",0.6,18.8,0.63,11.67,18549457.0,"12,290 sq km",100.0,29808000.0,,77801.0,
CHINA,54.7,11.3,"9,596,960 sq km",3593.0,2714.0,"690,070 sq km","9,326,410 sq km",1.6,41.8,0.18,3.0,1413142846.0,"270,550 sq km",100.0,2380000000.0,150000.0,4960600.0,110000.0
CHRISTMAS ISLAND,0.0,,135 sq km,,,,135 sq km,,,1.11,,2205.0,0 sq km,,,18.0,142.0,
COCOS (KEELING) ISLANDS,0.0,,14 sq km,,,,14 sq km,,,,1.0,596.0,0 sq km,,,,22.0,
COLOMBIA,37.5,1.4,"1,138,910 sq km",50.79,70.84,"10,900 sq km","1,038,700 sq km",1.6,34.5,0.54,10.68,49336454.0,"100,210 sq km",99.0,19769000.0,2141.0,205379.0,24725.0
COMOROS,84.4,46.7,"2,235 sq km",139.57,407.0,1.3 sq km,"2,235 sq km",29.6,8.1,1.34,2.11,888378.0,0 sq km,87.0,35000.0,,880.0,
"CONGO, DEMOCRATIC REPUBLIC OF THE",,,"2,344,858 sq km",22.35,22.19,110 sq km,"2,267,048 sq km",,,3.13,6.2,111859928.0,"77,810 sq km",20.0,2919000.0,4007.0,152373.0,15000.0
"CONGO, REPUBLIC OF THE",31.1,1.6,"342,000 sq km",4.67,3.28,20 sq km,"341,500 sq km",0.2,29.3,2.33,-2.2,5677493.0,500 sq km,49.0,629000.0,510.0,23324.0,1120.0
COOK ISLANDS,8.4,4.2,236 sq km,31.4,215.0,,236 sq km,4.2,0.0,2.31,10.5,7939.0,0 sq km,,18000.0,,295.0,
COSTA RICA,64.8,9.1,"322,463 sq km",13.23,12.66,730 sq km,"318,003 sq km",14.2,41.5,2.16,7.04,29344847.0,"4,460 sq km",71.0,2197000.0,660.0,81996.0,980.0
CROATIA,23.7,16.0,"56,594 sq km",35.31,36.33,171 sq km,"55,974 sq km",1.5,6.2,0.47,13.07,4169239.0,620 sq km,100.0,4940000.0,2617.0,26958.0,4714.0
CUBA,60.3,33.8,"110,860 sq km",2.63,11.06,"8,700 sq km","109,820 sq km",3.6,22.9,0.19,1.25,10985974.0,"1,040 sq km",100.0,7479000.0,8367.0,60000.0,240.0
CURACAO,10.0,10.0,444 sq km,1.28,1.92,,444 sq km,,,0.3,4.23,152849.0,0 sq km,100.0,,,550.0,
CYPRUS,13.4,9.8,"9,251 sq km",,,268 sq km,"9,241 sq km",3.2,0.4,1.0,,1308120.0,10 sq km,,,,,
CZECHIA,54.8,41.0,"78,867 sq km",204.78,196.24,220 sq km,"77,247 sq km",1.0,12.8,0.0,3.54,10706242.0,"1,620 sq km",100.0,22485000.0,9548.0,55744.0,664.0
DENMARK,63.4,58.9,"43,094 sq km",234.26,208.12,"2,360 sq km","42,434 sq km",0.1,4.4,0.44,3.8,5946984.0,660 sq km,100.0,17655000.0,2682.0,74558.0,400.0
DJIBOUTI,73.4,0.1,"23,200 sq km",5.16,5.48,10 sq km,"23,180 sq km",0.0,73.3,1.93,4.81,976143.0,20 sq km,65.0,130000.0,97.0,2893.0,
DOMINICA,34.7,8.0,751 sq km,104.96,302.0,,751 sq km,24.0,2.7,0.02,6.68,74656.0,NEGL,100.0,42000.0,,1512.0,
DOMINICAN REPUBLIC,51.5,16.6,"48,670 sq km",1.24,5.22,"2,980 sq km","48,320 sq km",10.1,24.8,1.18,-1.8,11470261.0,350 sq km,47.0,3453000.0,,4102.0,
ECUADOR,29.7,4.7,"283,561 sq km",29.32,28.57,"10,000 sq km","276,841 sq km",5.6,19.4,1.1,4.24,17483326.0,"6,720 sq km",100.0,9354000.0,965.0,43950.0,1500.0
EGYPT,3.6,2.8,"1,001,450 sq km",58.34,94.04,"36,500 sq km","995,450 sq km",0.8,0.0,1.59,3.33,109546720.0,"6,000 sq km",100.0,59826000.0,5085.0,65050.0,3500.0
EL SALVADOR,74.7,33.1,"21,041 sq km",8.49,15.75,274 sq km,"20,721 sq km",10.9,30.7,0.46,10.28,6602370.0,320 sq km,97.0,2586000.0,,9012.0,422.0
EQUATORIAL GUINEA,10.1,4.3,"28,051 sq km",8.78,6.25,,"28,051 sq km",2.1,3.7,3.36,-0.95,1737695.0,0 sq km,66.0,349000.0,,2880.0,
ERITREA,75.1,6.8,"117,600 sq km",624.3,1.13,210 sq km,"101,000 sq km",0.0,68.3,1.08,5.0,6274796.0,"16,600 sq km",52.0,228000.0,306.0,16000.0,
ESTONIA,22.2,14.9,"45,228 sq km",29.06,29.23,20 sq km,"42,388 sq km",0.1,7.2,0.74,8.01,1202762.0,"2,840 sq km",100.0,3030000.0,1441.0,58412.0,335.0
ESWATINI,68.3,9.8,"17,364 sq km",2.13,2.17,500 sq km,"17,204 sq km",0.8,57.7,0.72,7.88,1130043.0,160 sq km,82.0,286000.0,301.0,3769.0,
ETHIOPIA,36.3,15.2,"1,104,300 sq km",9.5,20.86,"1,813 sq km","1,096,570 sq km",1.1,20.0,2.42,5.64,116462712.0,"7,730 sq km",54.0,4856000.0,659.0,120171.0,
EUROPEAN UNION,,,"4,236,351 sq km",8705.0,8037.0,"154,539.82 sq km",,,,0.1,5.39,,,99.0,,4894173.0,4894173.0,42000.0
FALKLAND ISLANDS (ISLAS MALVINAS),92.4,,"12,173 sq km",257.3,90.0,,"12,173 sq km",,92.4,0.01,25.5,3662.0,0 sq km,,11000.0,,440.0,
FAROE ISLANDS,2.1,2.1,"1,393 sq km",1.18,978.4,,"1,393 sq km",0.0,0.0,0.63,5.9,52600.0,0 sq km,100.0,128000.0,,960.0,
FIJI,23.3,9.0,"18,274 sq km",1.17,2.34,40 sq km,"18,274 sq km",4.7,9.6,0.42,-5.11,947760.0,0 sq km,92.0,393000.0,597.0,3440.0,203.0
FINLAND,7.5,7.4,"338,145 sq km",116.91,116.28,80 sq km,"303,815 sq km",0.0,0.1,0.22,2.1,5614571.0,"34,330 sq km",100.0,20418000.0,5918.0,454000.0,8000.0
FRANCE,52.7,33.4,"643,801 sq km",569.1,571.4,"14,236 sq km","640,427 sq km",1.8,17.5,0.12,6.8,47222613.0,"3,374 sq km",100.0,138611000.0,27860.0,1053215.0,
FRENCH POLYNESIA,12.5,0.7,"4,167 sq km",162.0,1.66,10 sq km,"3,827 sq km",6.3,5.5,0.7,1.02,301488.0,340 sq km,100.0,272000.0,,2590.0,
GABON,19.0,1.2,"267,667 sq km",10.8,5.02,40 sq km,"257,667 sq km",0.6,17.2,2.39,1.46,2397368.0,"10,000 sq km",91.0,784000.0,649.0,14300.0,1600.0
"GAMBIA, THE",56.1,41.0,"11,300 sq km",135.45,726.0,50 sq km,"10,120 sq km",0.5,14.6,2.23,4.27,2468569.0,"1,180 sq km",63.0,137000.0,,2977.0,390.0
GAZA STRIP,,,360 sq km,3.18,10.24,,360 sq km,,,1.99,7.05,2098389.0,0 sq km,100.0,215000.0,,,
GEORGIA,35.5,5.8,"69,700 sq km",8.09,11.15,"4,330 sq km","69,700 sq km",1.8,27.9,0.01,10.47,4936390.0,0 sq km,100.0,4579000.0,1363.0,20295.0,
GERMANY,48.0,34.1,"357,022 sq km",1813.0,1665.0,"5,056 sq km","348,672 sq km",0.6,13.3,0.12,1.8,84220184.0,"8,350 sq km",100.0,218000000.0,39379.0,830000.0,7300.0
GHANA,69.1,20.7,"238,533 sq km",23.9,25.97,360 sq km,"227,533 sq km",11.9,36.5,2.19,5.36,33846114.0,"11,000 sq km",86.0,5312000.0,947.0,65725.0,1293.0
GIBRALTAR,0.0,,7 sq km,202.3,2.97,,6.5 sq km,,,0.19,,29629.0,0 sq km,100.0,43000.0,,29.0,
GREECE,63.4,19.7,"131,957 sq km",87.52,103.53,"11,853 sq km","130,647 sq km",8.9,34.8,0.35,8.43,10497595.0,"1,310 sq km",100.0,21545000.0,2345.0,117000.0,6.0
GREENLAND,0.6,0.0,"2,166,086 sq km",407.1,783.5,,"2,166,086 sq km",0.0,0.6,0.04,0.36,57777.0,,100.0,187000.0,,,
GRENADA,32.3,8.8,344 sq km,393.77,650.0,20 sq km,344 sq km,20.6,2.9,0.29,4.69,114299.0,0 sq km,93.0,55000.0,,1127.0,
GUAM,33.4,1.9,544 sq km,1.12,2.96,2 sq km,544 sq km,16.7,14.8,0.13,1.06,169330.0,0 sq km,100.0,455000.0,,1045.0,
GUATEMALA,41.2,14.2,"108,889 sq km",15.32,27.39,"3,375 sq km","107,159 sq km",8.8,18.2,1.54,7.98,17980803.0,"1,730 sq km",97.0,5185000.0,800.0,17440.0,990.0
GUERNSEY,,,78 sq km,,,,78 sq km,,,0.22,0.4,67642.0,0 sq km,100.0,,,260.0,
GUINEA,58.1,11.8,"245,857 sq km",,,950 sq km,"245,717 sq km",2.8,43.5,2.75,,13607249.0,140 sq km,,,,,
GUINEA-BISSAU,44.8,8.2,"36,125 sq km",5.29,8.96,250 sq km,"28,120 sq km",6.9,29.7,2.54,6.06,2078820.0,"8,005 sq km",67.0,1312000.0,906.0,16665.0,1000.0
GUYANA,8.4,2.1,"214,969 sq km",4.64,6.61,"1,430 sq km","196,849 sq km",0.1,6.2,0.28,20.06,791739.0,"18,120 sq km",92.0,380000.0,,3995.0,330.0
HAITI,66.4,38.5,"27,750 sq km",,,970 sq km,"27,560 sq km",10.2,17.7,2.23,,11334637.0,190 sq km,,,,,
HONDURAS,28.8,9.1,"112,090 sq km",7.94,14.49,900 sq km,"111,890 sq km",4.0,15.7,1.16,12.53,9571352.0,200 sq km,94.0,3991000.0,699.0,14742.0,465.0
HONG KONG,5.0,3.2,"1,108 sq km",,,10 sq km,"1,073 sq km",0.9,0.9,0.15,,7288167.0,35 sq km,,,,,
HUNGARY,58.9,48.5,"93,028 sq km",148.23,147.58,"1,010 sq km","89,608 sq km",2.0,8.4,0.31,7.12,9670009.0,"3,420 sq km",100.0,10873000.0,7687.0,203601.0,1622.0
ICELAND,18.7,1.2,"103,000 sq km",9.78,10.23,0.5 sq km,"100,250 sq km",0.0,17.5,0.89,4.4,360872.0,"2,750 sq km",100.0,2967000.0,,12898.0,
INDIA,60.5,52.8,"3,287,263 sq km",643.08,717.12,"715,539 sq km","2,973,193 sq km",4.2,3.5,0.7,8.68,1399179585.0,"314,070 sq km",99.0,432768000.0,68525.0,6371847.0,14500.0
INDONESIA,31.2,13.0,"1,904,569 sq km",246.87,217.72,"67,220 sq km","1,811,569 sq km",12.1,6.1,0.76,3.69,279476346.0,"93,000 sq km",99.0,69065000.0,8159.0,496607.0,21579.0
IRAN,30.1,10.8,"1,648,195 sq km",101.4,76.39,"79,721 sq km","1,531,595 sq km",1.2,18.1,0.93,4.72,87590873.0,"116,600 sq km",100.0,80553000.0,,223485.0,850.0
IRAQ,18.1,8.4,"438,317 sq km",78.26,50.71,"35,250 sq km","437,367 sq km",0.5,9.2,1.94,2.78,41266109.0,950 sq km,100.0,28369000.0,2272.0,59623.0,5279.0
IRELAND,66.1,15.4,"70,273 sq km",677.03,477.54,0 sq km,"68,883 sq km",0.0,50.7,0.91,13.59,5323991.0,"1,390 sq km",100.0,11430000.0,1688.0,99830.0,956.0
ISLE OF MAN,74.7,43.8,572 sq km,,,,572 sq km,0.0,30.9,0.48,0.25,91840.0,0 sq km,100.0,,63.0,1107.0,
ISRAEL,23.8,13.7,"21,937 sq km",143.88,124.58,"2,159 sq km","21,497 sq km",3.8,6.3,1.43,8.61,9043387.0,440 sq km,100.0,18993000.0,1497.0,20391.0,
ITALY,47.1,22.8,"301,340 sq km",687.95,637.93,"26,010 sq km","294,140 sq km",8.6,15.7,0.11,6.74,61021855.0,"7,200 sq km",100.0,121442000.0,18475.0,487700.0,2400.0
JAMAICA,41.4,11.1,"10,991 sq km",4.38,7.41,250 sq km,"10,831 sq km",9.2,21.1,0.09,4.6,2820982.0,160 sq km,100.0,1216000.0,,22121.0,
JAPAN,12.5,11.7,"377,915 sq km",756.0,721.0,"15,730 sq km","364,485 sq km",0.8,0.0,0.41,1.0,123719238.0,"13,430 sq km",100.0,306000000.0,27311.0,1218772.0,1770.0
JERSEY,66.0,66.0,116 sq km,,,,116 sq km,,,0.61,1.0,102785.0,0 sq km,100.0,,,576.0,
JORDAN,11.4,2.0,"89,342 sq km",13.86,23.39,833 sq km,"88,802 sq km",1.0,8.4,0.79,2.23,11086716.0,540 sq km,99.0,5644000.0,509.0,7203.0,
KAZAKHSTAN,77.4,8.9,"2,724,900 sq km",66.13,49.2,"18,099 sq km","2,699,700 sq km",0.0,68.5,0.73,4.3,19543464.0,"25,200 sq km",100.0,25022000.0,16636.0,96167.0,43983.0
KENYA,48.1,9.8,"580,367 sq km",11.82,21.85,"1,030 sq km","569,140 sq km",0.9,37.4,2.09,7.52,57052004.0,"11,227 sq km",76.0,3304000.0,3819.0,161452.0,
KIRIBATI,42.0,2.5,811 sq km,10.75,201.98,0 sq km,811 sq km,39.5,0.0,1.02,1.5,115372.0,0 sq km,92.0,11000.0,,670.0,5.0
"KOREA, NORTH",21.8,19.5,"120,538 sq km",222.0,2.32,"14,600 sq km","120,408 sq km",1.9,0.4,0.44,-1.1,26072217.0,130 sq km,52.0,8413000.0,7435.0,25554.0,2250.0
"KOREA, SOUTH",18.1,15.3,"99,720 sq km",771.2,698.1,"7,780 sq km","96,920 sq km",2.2,0.6,0.23,4.15,51966948.0,"2,800 sq km",100.0,135789000.0,3979.0,100428.0,1600.0
KOSOVO,52.8,27.4,"10,887 sq km",3.14,6.13,,"10,887 sq km",1.9,23.5,,10.75,1964327.0,0 sq km,100.0,1424000.0,437.0,2012.0,
KUWAIT,8.5,0.6,"17,818 sq km",77.12,48.95,100 sq km,"17,818 sq km",0.3,7.6,1.13,-8.86,3103580.0,0 sq km,100.0,19371000.0,,5749.0,
KYRGYZSTAN,55.4,6.7,"199,951 sq km",3.35,5.92,"10,043 sq km","191,801 sq km",0.4,48.3,0.82,3.61,6122781.0,"8,150 sq km",99.0,4626000.0,424.0,34000.0,576.0
LAOS,10.6,6.2,"236,800 sq km",7.82,6.53,"4,409 sq km","230,800 sq km",0.7,3.7,1.3,2.53,7852377.0,"6,000 sq km",100.0,9346000.0,422.0,39586.0,4600.0
LATVIA,29.2,18.6,"64,589 sq km",25.25,26.62,6 sq km,"62,249 sq km",0.1,10.5,1.13,4.07,1821750.0,"2,340 sq km",100.0,3089000.0,2216.0,70244.0,300.0
LEBANON,63.3,11.9,"10,400 sq km",10.15,17.38,"1,040 sq km","10,230 sq km",12.3,39.1,0.64,-7.0,5331203.0,170 sq km,100.0,3768000.0,401.0,21705.0,
LESOTHO,76.1,10.1,"30,355 sq km",1.08,2.22,12 sq km,"30,355 sq km",0.1,65.9,0.76,1.35,2210646.0,0 sq km,50.0,74000.0,,5940.0,
LIBERIA,28.1,5.2,"111,369 sq km",554.01,1.24,30 sq km,"96,320 sq km",2.1,20.8,2.71,4.99,5506280.0,"15,049 sq km",29.0,196000.0,429.0,10600.0,
LIBYA,8.8,1.0,"1,759,540 sq km",9.54,14.33,"4,700 sq km","1,759,540 sq km",0.2,7.6,1.54,31.37,7252573.0,0 sq km,70.0,10516000.0,,37000.0,
LIECHTENSTEIN,37.6,18.8,160 sq km,571.38,480.52,0 sq km,160 sq km,0.0,18.8,0.7,4.22,39993.0,0 sq km,100.0,22921000.0,5296.0,71557.0,1292.0
LITHUANIA,44.8,34.9,"65,300 sq km",53.4,50.38,16 sq km,"62,680 sq km",0.5,9.4,1.04,5.98,2655755.0,"2,620 sq km",100.0,3512000.0,1911.0,84166.0,441.0
LUXEMBOURG,50.7,24.0,"2,586 sq km",177.83,148.15,0 sq km,"2,586 sq km",0.6,26.1,1.58,5.1,660924.0,0 sq km,100.0,1899000.0,271.0,2875.0,37.0
MACAU,0.0,,28 sq km,26.62,22.79,0 sq km,28.2 sq km,,,0.71,19.27,639971.0,0 sq km,100.0,478000.0,,428.0,
MADAGASCAR,71.1,6.0,"587,041 sq km",3.34,4.77,"10,860 sq km","581,540 sq km",1.0,64.1,2.22,4.4,28812195.0,"5,501 sq km",35.0,587000.0,836.0,31640.0,600.0
MALAWI,59.2,38.2,"118,484 sq km",1.54,3.58,740 sq km,"94,080 sq km",1.4,19.6,2.28,2.75,21279597.0,"24,404 sq km",14.0,618000.0,767.0,15452.0,700.0
MALAYSIA,23.2,2.9,"329,847 sq km",256.66,230.19,"4,420 sq km","328,657 sq km",19.4,0.9,1.01,3.09,34219975.0,"1,190 sq km",100.0,34959000.0,1851.0,144403.0,7200.0
MALDIVES,23.3,10.0,298 sq km,3.95,3.5,0 sq km,298 sq km,10.0,3.3,0.17,41.75,389568.0,0 sq km,100.0,545000.0,,93.0,
MALI,34.1,5.6,"1,240,192 sq km",5.2,6.34,"3,780 sq km","1,220,190 sq km",0.1,28.4,2.93,3.05,21359722.0,"20,002 sq km",53.0,890000.0,593.0,139107.0,1800.0
MALTA,32.3,28.4,316 sq km,22.11,21.36,35 sq km,316 sq km,3.9,0.0,0.59,10.3,467138.0,0 sq km,100.0,784000.0,,3096.0,
MARSHALL ISLANDS,50.7,7.8,181 sq km,1.37,10.7,0 sq km,181 sq km,31.2,11.7,1.3,1.11,80966.0,0 sq km,99.0,,,2028.0,
MAURITANIA,38.5,0.4,"1,030,700 sq km",3.18,4.31,450 sq km,"1,030,700 sq km",0.0,38.1,1.96,2.45,4244878.0,0 sq km,47.0,656000.0,728.0,12253.0,1086.0
MAURITIUS,43.8,38.4,"2,040 sq km",,,158 sq km,"2,030 sq km",2.0,3.4,0.09,,1309448.0,10 sq km,,,,,
MEXICO,54.9,11.8,"1,964,375 sq km",522.24,544.75,"60,620 sq km","1,943,945 sq km",1.4,41.7,0.61,4.72,129875529.0,"20,430 sq km",100.0,93430000.0,23389.0,704884.0,2900.0
"MICRONESIA, FEDERATED STATES OF",25.5,2.3,702 sq km,179.0,126.0,0 sq km,702 sq km,19.7,3.5,0.7,-3.19,100319.0,0 sq km,83.0,,,,
MOLDOVA,74.9,55.1,"33,851 sq km",4.2,7.92,"2,155 sq km","32,891 sq km",9.1,10.7,1.14,13.94,3250532.0,960 sq km,100.0,594000.0,1171.0,9352.0,558.0
MONACO,1.0,0.0,2 sq km,964.6,1.37,0 sq km,2 sq km,1.0,0.0,0.66,21.55,31597.0,0 sq km,100.0,,,,
MONGOLIA,73.0,0.4,"1,564,116 sq km",8.95,9.26,602 sq km,"1,553,556 sq km",0.0,72.6,0.83,1.64,3255468.0,"10,560 sq km",100.0,1479000.0,1815.0,113200.0,580.0
MONTENEGRO,38.2,12.9,"13,812 sq km",2.5,3.64,24 sq km,"13,452 sq km",1.2,24.1,0.43,12.43,602445.0,360 sq km,99.0,1006999.0,250.0,7762.0,
MONTSERRAT,30.0,20.0,102 sq km,,,0 sq km,102 sq km,0.0,10.0,0.46,,5440.0,0 sq km,,,,,
MOROCCO,67.5,17.5,"716,550 sq km",47.08,60.05,"17,645 sq km","716,300 sq km",2.9,47.1,0.88,7.93,37067420.0,250 sq km,100.0,14187000.0,2067.0,57300.0,
MOZAMBIQUE,56.3,6.4,"799,380 sq km",6.4,10.39,"1,180 sq km","786,380 sq km",0.3,49.6,2.55,2.36,32513805.0,"13,000 sq km",31.0,2765000.0,4787.0,31083.0,460.0
NAMIBIA,47.2,1.0,"824,292 sq km",,,80 sq km,"823,290 sq km",0.0,46.2,1.83,,2727409.0,"1,002 sq km",,,,,
NAURU,20.0,0.0,21 sq km,187.0,94.2,0 sq km,21 sq km,20.0,0.0,0.42,1.5,9852.0,0 sq km,100.0,15000.0,,30.0,
NEPAL,28.8,15.1,"147,181 sq km",2.52,16.99,"13,320 sq km","143,351 sq km",1.2,12.5,0.74,4.25,30899443.0,"3,830 sq km",89.0,1392000.0,59.0,27990.0,
NETHERLANDS,55.1,29.8,"41,543 sq km",839.6,735.7,"2,969 sq km","33,893 sq km",1.1,24.2,0.36,4.86,17463930.0,"7,650 sq km",100.0,43409000.0,3055.0,139124.0,6237.0
NEW CALEDONIA,10.4,0.4,"18,575 sq km",1.92,2.26,100 sq km,"18,275 sq km",0.2,9.8,1.17,2.0,300682.0,300 sq km,100.0,1071000.0,,5622.0,
NEW ZEALAND,43.2,1.8,"268,838 sq km",,,"7,000 sq km","264,537 sq km",0.3,41.1,0.92,,5223100.0,"4,301 sq km",,,,,
NICARAGUA,42.2,12.5,"130,370 sq km",6.62,8.31,"1,990 sq km","119,990 sq km",2.5,27.2,0.91,10.34,6359689.0,"10,380 sq km",86.0,1837000.0,,23897.0,2220.0
NIGER,35.1,12.3,1.267 million sq km,1.34,3.54,"2,666 sq km","1,266,700 sq km",0.1,22.7,3.66,1.39,25396840.0,300 sq km,18.0,324000.0,,18949.0,300.0
NIGERIA,78.0,37.3,"923,768 sq km",50.86,66.11,"2,930 sq km","910,768 sq km",7.4,33.3,2.53,3.65,230842743.0,"13,000 sq km",59.0,11691000.0,3798.0,195000.0,8600.0
NIUE,19.1,3.8,260 sq km,5.68,43.8,0 sq km,260 sq km,11.5,3.8,0.03,6.2,2000.0,0 sq km,,3000.0,,234.0,
NORFOLK ISLAND,25.0,0.0,36 sq km,,,0 sq km,36 sq km,0.0,25.0,0.01,,1748.0,0 sq km,,,,80.0,
NORTH MACEDONIA,44.3,16.4,"25,713 sq km",9.16,11.35,844 sq km,"25,433 sq km",1.4,26.5,0.11,3.96,2133410.0,280 sq km,100.0,1928000.0,699.0,14182.0,
NORTHERN MARIANA ISLANDS,6.6,2.2,464 sq km,914.0,893.0,1 sq km,464 sq km,2.2,2.2,0.35,-11.14,51295.0,0 sq km,100.0,,,536.0,
NORWAY,2.7,2.2,"323,802 sq km",199.07,140.44,337 sq km,"304,282 sq km",0.0,0.5,0.79,3.3,5597924.0,"19,520 sq km",100.0,38360000.0,3848.0,94902.0,1577.0
OMAN,4.7,0.1,"309,500 sq km",46.32,36.5,"1,079 sq km","309,500 sq km",0.1,4.5,1.8,3.09,3833465.0,0 sq km,100.0,8601000.0,,60230.0,
PAKISTAN,35.2,27.6,"796,095 sq km",35.57,76.39,"193,400 sq km","770,875 sq km",1.1,6.5,1.91,6.49,247653551.0,"25,220 sq km",94.0,39925000.0,11881.0,264175.0,
PALAU,10.8,2.2,459 sq km,12.07,180.38,0 sq km,459 sq km,4.3,4.3,0.39,-13.33,21779.0,0 sq km,100.0,,,125.0,
PANAMA,30.5,7.3,"75,420 sq km",27.24,24.63,407 sq km,"74,340 sq km",2.5,20.7,1.51,15.34,4404108.0,"1,080 sq km",95.0,4106000.0,77.0,,800.0
PAPUA NEW GUINEA,2.6,0.7,"462,840 sq km",11.0,4.25,0 sq km,"452,860 sq km",1.5,0.4,2.31,0.3,9819350.0,"9,980 sq km",20.0,1139000.0,,9349.0,11000.0
PARAGUAY,53.8,10.8,"406,752 sq km",14.15,13.45,"1,362 sq km","397,302 sq km",0.2,42.8,1.12,4.1,7439863.0,"9,450 sq km",100.0,8831000.0,30.0,78811.0,3100.0
PERU,18.8,3.1,"1,285,216 sq km",66.1,58.61,"25,800 sq km","1,279,996 sq km",1.1,14.6,0.5,13.35,32440172.0,"5,220 sq km",95.0,15340000.0,,18699.0,8808.0
PHILIPPINES,41.0,18.2,"300,000 sq km",87.79,126.51,"16,270 sq km","298,170 sq km",17.8,5.0,1.58,5.7,109035343.0,"1,830 sq km",97.0,27885000.0,,,
PITCAIRN ISLANDS,0.0,,47 sq km,,,0 sq km,47 sq km,,,0.0,,50.0,0 sq km,,,,,
POLAND,48.2,36.2,"312,685 sq km",411.62,380.7,760 sq km,"304,255 sq km",1.3,10.7,0.28,6.85,37991766.0,"8,430 sq km",100.0,47269000.0,19461.0,420000.0,3997.0
PORTUGAL,39.7,11.9,"92,090 sq km",105.65,112.41,"5,662 sq km","91,470 sq km",7.8,20.0,0.17,5.48,10223150.0,620 sq km,100.0,22364000.0,2526.0,82900.0,210.0
PUERTO RICO,22.0,6.6,"9,104 sq km",73.17,49.01,220 sq km,"8,959 sq km",5.6,9.8,1.29,0.21,3057311.0,145 sq km,100.0,6180000.0,,26862.0,
QATAR,5.6,1.1,"11,586 sq km",105.55,61.2,130 sq km,"11,586 sq km",0.2,4.3,0.86,1.59,2532104.0,0 sq km,100.0,10633000.0,,7039.0,
ROMANIA,60.7,39.1,"238,391 sq km",115.88,132.06,"4,730 sq km","229,891 sq km",1.9,19.7,1.01,5.1,18326327.0,"8,500 sq km",100.0,20528000.0,10628.0,84185.0,1731.0
RUSSIA,13.1,7.3,"17,098,242 sq km",550.03,379.95,"43,000 sq km","16,377,742 sq km",0.1,5.7,0.24,4.75,141698923.0,"720,500 sq km",100.0,255000000.0,85494.0,1283387.0,102000.0
RWANDA,74.5,47.0,"26,338 sq km",2.11,3.86,96 sq km,"24,668 sq km",10.1,17.4,1.68,10.88,13400541.0,"1,670 sq km",48.0,265000.0,,4700.0,90.0
SAINT BARTHELEMY,,,25 sq km,,,,25 sq km,,,0.11,,7093.0,negligible,100.0,,,40.0,
"SAINT HELENA, ASCENSION, AND TRISTAN DA CUNHA",30.8,10.3,394 sq km,19.0,20.53,0 sq km,122 sq km,0.0,20.5,0.11,,7935.0,0 sq km,100.0,8000.0,,198.0,
SAINT KITTS AND NEVIS,23.1,19.2,261 sq km,408.47,441.19,8 sq km,261 sq km,0.4,3.5,0.59,-0.88,54817.0,0 sq km,100.0,71000.0,50.0,383.0,
SAINT LUCIA,17.4,4.9,616 sq km,890.72,846.48,30 sq km,606 sq km,11.5,1.0,0.27,12.23,167591.0,10 sq km,100.0,92000.0,,1210.0,
SAINT MARTIN,,,50 sq km,,,,50 sq km,,,0.31,,32897.0,negligible,100.0,,,,
SAINT PIERRE AND MIQUELON,8.7,8.7,242 sq km,6.64,95.35,0 sq km,242 sq km,0.0,0.0,1.19,,5195.0,0 sq km,,26000.0,,117.0,
SAINT VINCENT AND THE GRENADINES,25.6,12.8,389 sq km,125.78,415.73,10 sq km,389 sq km,7.7,5.1,0.16,1.35,100804.0,0 sq km,100.0,49000.0,,,
SAMOA,12.4,2.8,"2,831 sq km",97.77,430.01,0 sq km,"2,821 sq km",7.8,1.8,0.65,-7.08,207501.0,10 sq km,98.0,50000.0,,1150.0,
SAN MARINO,16.7,16.7,61 sq km,3.83,2.55,0 sq km,61 sq km,0.0,0.0,0.59,-6.65,34892.0,0 sq km,100.0,,,292.0,
SAO TOME AND PRINCIPE,50.7,9.1,964 sq km,75.26,201.15,100 sq km,964 sq km,40.6,1.0,1.45,1.88,220372.0,0 sq km,78.0,28000.0,,1300.0,
SAUDI ARABIA,80.7,1.5,"2,149,690 sq km",286.5,213.02,"11,910 sq km","2,149,690 sq km",0.1,79.1,1.65,3.24,35939806.0,0 sq km,100.0,76785000.0,5410.0,221372.0,
SENEGAL,46.8,17.4,"196,722 sq km",10.27,5.35,"1,200 sq km","192,530 sq km",0.3,29.1,2.52,3.9,18384660.0,"4,192 sq km",46.0,992000.0,1086.0,44301.0,1300.0
SERBIA,57.9,37.7,"77,474 sq km",33.73,39.04,520 sq km,"77,474 sq km",3.4,16.8,0.63,7.55,6693375.0,0 sq km,100.0,8986000.0,3333.0,44248.0,587.0
SEYCHELLES,6.5,2.2,455 sq km,1.75,1.82,3 sq km,455 sq km,4.3,0.0,0.6,7.86,97617.0,0 sq km,100.0,157000.0,,526.0,
SIERRA LEONE,56.2,23.4,"71,740 sq km",700.97,1.42,300 sq km,"71,620 sq km",2.3,30.5,2.41,4.1,8908040.0,120 sq km,27.0,180000.0,,11701.0,800.0
SINGAPORE,1.0,0.9,719 sq km,733.78,609.28,0 sq km,709.2 sq km,0.1,0.0,0.9,7.61,5975383.0,10 sq km,100.0,12240000.0,,3500.0,
SINT MAARTEN,,,34 sq km,787.98,992.66,,34 sq km,,,1.19,-6.6,45677.0,0 sq km,100.0,,,53.0,
SLOVAKIA,40.1,28.9,"49,035 sq km",107.43,107.36,211 sq km,"48,105 sq km",0.4,10.8,0.13,3.01,5425319.0,930 sq km,100.0,7868000.0,3627.0,56926.0,172.0
SLOVENIA,22.8,8.4,"20,273 sq km",51.63,47.66,39 sq km,"20,151 sq km",1.3,13.1,0.08,8.21,2099790.0,122 sq km,100.0,4062000.0,1207.0,38985.0,710.0
SOLOMON ISLANDS,3.9,0.7,"28,896 sq km",413.66,619.46,0 sq km,"27,986 sq km",2.9,0.3,1.69,-0.2,714766.0,910 sq km,76.0,40000.0,,1390.0,
SOMALIA,70.3,1.8,"637,657 sq km",819.0,94.43,"2,000 sq km","627,337 sq km",0.0,68.5,2.49,4.05,12693796.0,"10,320 sq km",49.0,91000.0,,15000.0,
SOUTH AFRICA,79.4,9.9,"1,219,090 sq km",130.88,104.81,"16,700 sq km","1,214,470 sq km",0.3,69.2,1.08,4.91,58048332.0,"4,620 sq km",89.0,62728000.0,20986.0,750000.0,
SOUTH SUDAN,45.0,4.4,"644,329 sq km",4.65,4.04,"1,000 sq km",,,40.7,4.78,-5.2,12118379.0,,7.0,121000.0,248.0,90200.0,
SPAIN,54.1,24.9,"505,370 sq km",11.9,15.3,"38,000 sq km","498,980 sq km",9.1,20.1,0.12,7.4,47222613.0,"6,390 sq km",100.0,5000.0,15489.0,683175.0,1000.0
SRI LANKA,43.5,20.7,"65,610 sq km",13.08,18.27,"5,700 sq km","64,630 sq km",15.8,7.0,0.56,3.33,23326272.0,980 sq km,100.0,4527000.0,1562.0,114093.0,160.0
SUDAN,100.0,15.7,"1,861,484 sq km",5.92,9.79,"15,666 sq km","1,731,671 sq km",0.2,84.2,2.55,-1.87,49197555.0,"129,813 sq km",61.0,4354000.0,7251.0,31000.0,4068.0
SURINAME,0.5,0.4,"163,820 sq km",2.3,1.88,600 sq km,"156,000 sq km",0.0,0.1,1.11,-2.73,639759.0,"7,820 sq km",98.0,542000.0,,4304.0,1200.0
SVALBARD,0.0,,"62,045 sq km",,,,"62,045 sq km",,,0.03,,2926.0,0 sq km,,,,40.0,
SWEDEN,7.5,6.4,"450,295 sq km",290.79,263.27,519 sq km,"410,335 sq km",0.0,1.1,0.51,2.6,10536338.0,"39,960 sq km",100.0,43499000.0,10910.0,573134.0,2052.0
SWITZERLAND,38.7,10.2,"41,277 sq km",,,327 sq km,"39,997 sq km",0.6,27.9,0.78,,8563760.0,"1,280 sq km",,,,,
SYRIA,75.8,25.4,"187,437 sq km",1.85,6.28,"13,100 sq km","185,887 sq km",5.8,44.6,6.39,-3.87,22933531.0,"1,550 sq km",88.0,10082000.0,2052.0,69873.0,900.0
TAIWAN,22.7,16.9,"35,980 sq km",388.49,308.74,"3,820 sq km","32,260 sq km",5.8,,0.03,2.71,23588613.0,"3,720 sq km",,57738000.0,,43206.0,
TAJIKISTAN,34.7,6.1,"144,100 sq km",2.16,4.26,"5,690 sq km","141,510 sq km",0.9,27.7,1.94,9.2,9245937.0,"2,590 sq km",99.0,7114000.0,680.0,30000.0,200.0
TANZANIA,43.7,14.3,"947,300 sq km",8.55,9.18,"1,840 sq km","885,800 sq km",2.3,27.1,2.75,4.28,65642682.0,"61,500 sq km",42.0,1623000.0,4097.0,145203.0,1594.0
THAILAND,41.2,30.8,"513,120 sq km",296.0,295.78,"64,150 sq km","510,890 sq km",8.8,1.6,0.2,1.53,69794997.0,"2,230 sq km",100.0,53130000.0,4127.0,180053.0,4000.0
TIMOR-LESTE,25.1,10.1,"14,874 sq km",2.31,1.52,350 sq km,"14,874 sq km",4.9,10.1,2.1,5.29,1476042.0,0 sq km,100.0,284000.0,,6040.0,
TOGO,67.4,45.2,"56,785 sq km",1.72,2.39,70 sq km,"54,385 sq km",3.8,18.4,2.45,5.26,8703961.0,"2,400 sq km",55.0,210000.0,568.0,9951.0,50.0
TOKELAU,60.0,0.0,12 sq km,103000.0,15792720.0,0 sq km,12 sq km,60.0,0.0,0.01,,1647.0,0 sq km,,,,10.0,
TONGA,43.1,22.2,747 sq km,58.74,285.68,0 sq km,717 sq km,15.3,5.6,0.3,-2.67,105221.0,30 sq km,100.0,26000.0,,680.0,
TRINIDAD AND TOBAGO,10.6,4.9,"5,128 sq km",11.47,8.59,70 sq km,"5,128 sq km",4.3,1.4,0.12,-1.03,1407460.0,0 sq km,100.0,2123000.0,,,
TUNISIA,64.8,18.3,"163,610 sq km",19.74,24.27,"3,920 sq km","155,360 sq km",15.4,31.1,0.63,4.32,11976182.0,"8,250 sq km",99.0,5777000.0,2173.0,,
TURKEY (TURKIYE),49.7,26.7,"783,562 sq km",282.85,285.58,"52,150 sq km","769,632 sq km",4.0,19.0,0.64,11.35,83593483.0,"13,930 sq km",100.0,96846000.0,11497.0,67333.0,1200.0
TURKMENISTAN,72.0,4.1,"488,100 sq km",7.46,4.57,"19,950 sq km","469,930 sq km",0.1,67.8,0.95,6.3,5690818.0,"18,170 sq km",100.0,5205000.0,5113.0,58592.0,1300.0
TURKS AND CAICOS ISLANDS,1.1,1.1,948 sq km,827.0,544.22,0 sq km,948 sq km,0.0,0.0,1.81,2.1,59367.0,0 sq km,100.0,85000.0,,121.0,
TUVALU,60.0,0.0,26 sq km,2.7,51.19,0 sq km,26 sq km,60.0,0.0,0.81,2.99,11639.0,0 sq km,99.0,,,8.0,
UGANDA,71.2,34.3,"241,038 sq km",6.18,10.71,105 sq km,"197,100 sq km",11.3,25.6,3.22,3.54,47729952.0,"43,938 sq km",45.0,2397000.0,1244.0,20544.0,907.0
UKRAINE,71.2,56.1,"603,550 sq km",81.5,84.17,"4,350 sq km","579,330 sq km",1.5,13.6,2.33,3.4,43306477.0,"24,220 sq km",100.0,56816000.0,21733.0,169694.0,1672.0
UNITED ARAB EMIRATES,4.6,0.5,"83,600 sq km",335.24,246.89,898 sq km,"83,600 sq km",0.5,3.6,0.58,3.92,9973449.0,0 sq km,100.0,35173000.0,,4080.0,
UNITED KINGDOM,71.0,25.1,"243,610 sq km",468.2,580.7,718 sq km,"241,930 sq km",0.2,45.7,0.49,4.1,68138484.0,"1,680 sq km",100.0,113153000.0,16390.0,394428.0,3200.0
UNITED STATES,44.5,16.8,"9,833,517 sq km",1645.0,2407.0,"234,782 sq km","9,147,593 sq km",0.3,27.4,0.68,5.95,339665118.0,"685,924 sq km",100.0,1147000000.0,293564.0,6586610.0,41009.0
URUGUAY,87.2,10.1,"176,215 sq km",18.82,15.05,"2,380 sq km","175,015 sq km",0.2,76.9,0.27,4.37,3416264.0,"1,200 sq km",100.0,5348000.0,1673.0,77732.0,1600.0
UZBEKISTAN,62.6,10.1,"447,400 sq km",16.4,27.77,"37,320 sq km","425,400 sq km",0.8,51.7,1.61,7.42,31360836.0,"22,000 sq km",99.0,16042000.0,4642.0,86496.0,1100.0
VANUATU,15.3,1.6,"12,189 sq km",88.81,495.86,0 sq km,"12,189 sq km",10.3,3.4,1.59,0.45,313046.0,0 sq km,70.0,35000.0,,1070.0,
VENEZUELA,24.5,3.1,"912,050 sq km",83.4,18.43,"10,550 sq km","882,050 sq km",0.8,20.6,2.4,-19.67,30518260.0,"30,000 sq km",99.0,32956000.0,447.0,96189.0,7100.0
VIETNAM,34.8,20.6,"331,210 sq km",339.98,338.02,"46,000 sq km","310,070 sq km",12.1,2.1,0.93,2.56,104799174.0,"21,140 sq km",100.0,65283000.0,2600.0,195468.0,47130.0
VIRGIN ISLANDS,11.5,2.9,"1,910 sq km",1.81,2.49,1 sq km,346 sq km,2.9,5.7,0.49,-2.15,104917.0,"1,564 sq km",100.0,321000.0,,1260.0,
WALLIS AND FUTUNA,42.8,7.1,142 sq km,47450.0,61.17,0.6 sq km,142 sq km,35.7,0.0,0.23,,15929.0,0 sq km,,,,,
WEST BANK,43.3,7.4,"5,860 sq km",3.18,10.24,,"5,640 sq km",11.0,24.9,2.1,7.05,3176549.0,220 sq km,100.0,215000.0,,4686.0,
WORLD,,,510.072 million sq km,28108.0,27120162000000.0,"3,242,917 sq km",148.94 million sq km,,,1.03,5.87,7979261010.0,"361,899,999 sq km",91.0,,1148186.0,,2293412.0
YEMEN,44.5,2.2,"527,968 sq km",384.5,4.08,"6,800 sq km","527,968 sq km",0.6,41.7,1.83,-5.9,31565602.0,0 sq km,74.0,1772000.0,,71300.0,
ZAMBIA,31.7,4.8,"752,618 sq km",11.72,7.7,"1,560 sq km","743,398 sq km",0.0,26.9,2.86,4.6,20216029.0,"9,220 sq km",46.0,3065000.0,3126.0,67671.0,2250.0
ZIMBABWE,42.5,10.9,"390,757 sq km",5.26,5.49,"1,740 sq km","386,847 sq km",0.3,31.3,1.99,8.47,15418674.0,"3,910 sq km",48.0,2473000.0,3427.0,97267.0,223.0
