Country,Agricultural_Land,Area_Total,Irrigated_Land,Land_Area,Median_Age,Net_Migration_Rate,Population_Below_Poverty_Line_percent,Population_Growth_Rate,Public_Debt_percent_of_GDP,Real_GDP_Growth_Rate_percent,Real_GDP_per_Capita_USD,Total_Population,Unemployment_Rate_percent,Youth_Unemployment_Rate,airports_paved_runways_count,broadband_fixed_subscriptions_total,internet_users_total,mobile_cellular_subscriptions_total,railways_km,roadways_km
AFGHANISTAN,58.1,"652,230 sq km","24,930 sq km","652,230 sq km",19.5,0.1,54.5,2.26,7.0,-20.74,1500.0,39232003.0,13.28,20.2,29.0,26570.0,7020000.0,23000000.0,,34903.0
ALBANIA,42.8,"28,748 sq km","1,820 sq km","27,398 sq km",34.3,3.22,14.3,0.19,84.06,8.52,14500.0,3101621.0,11.82,27.8,3.0,508937.0,2291000.0,2635466.0,424.0,3945.0
ALGERIA,17.4,"2,381,740 sq km","12,605 sq km","2,381,740 sq km",28.9,0.81,5.5,1.27,27.5,3.5,11000.0,44758398.0,12.7,31.9,67.0,3790459.0,31240000.0,47028685.0,4020.0,104000.0
AMERICAN SAMOA,24.5,224 sq km,0 sq km,224 sq km,27.2,27.36,,1.74,12.2,-1.87,11200.0,44620.0,29.8,,3.0,,18135.0,2250.0,,241.0
ANDORRA,40.0,468 sq km,0 sq km,468 sq km,46.2,0.0,20.7,0.11,141.22,5.52,37900.0,85468.0,14.73,36.9,0.0,16188502.0,44180000.0,56805348.0,0.0,269.0
ANGOLA,45.7,"1,246,700 sq km",860 sq km,"1,246,700 sq km",15.9,0.19,32.3,3.34,65.0,1.1,5900.0,35981281.0,8.53,18.5,32.0,230610.0,11550000.0,15327864.0,2761.0,26000.0
ANGUILLA,0.0,91 sq km,0 sq km,91 sq km,35.7,10.48,23.0,1.77,20.1,-8.5,12200.0,19079.0,8.0,,1.0,5000.0,13056.0,26000.0,,175.0
ANTIGUA AND BARBUDA,20.5,443 sq km,1.3 sq km,443 sq km,32.7,2.01,,1.13,86.8,5.27,19100.0,101489.0,11.0,,2.0,8000.0,89280.0,180000.0,,1170.0
ARGENTINA,53.9,"2,780,400 sq km","23,600 sq km","2,736,690 sq km",32.4,0.08,35.5,0.8,57.6,10.4,21500.0,46621847.0,10.9,29.9,161.0,9571562.0,39150000.0,59065827.0,17866.0,281290.0
ARMENIA,59.7,"29,743 sq km","1,554 sq km","28,203 sq km",36.6,5.28,26.4,0.4,63.4,5.7,14200.0,2989091.0,20.9,36.1,10.0,430407.0,2212000.0,3599278.0,686.0,7700.0
ARUBA,11.1,180 sq km,,180 sq km,39.9,8.08,,1.11,86.0,17.17,38900.0,123.0,7.7,,1.0,19000.0,106800.0,140000.0,,1000.0
AUSTRALIA,46.65,"7,741,220 sq km","15,210 sq km","7,682,300 sq km",37.5,6.39,,1.19,69.41,2.24,49800.0,26461166.0,5.11,10.8,349.0,8470000.0,22310000.0,28270000.0,36064.0,873573.0
AUSTRIA,38.4,"83,871 sq km",382 sq km,"82,445 sq km",44.5,3.54,13.3,0.31,99.91,4.56,54100.0,8940860.0,6.3,11.4,24.0,2606000.0,8276999.0,10882217.0,6123.0,137039.0
AZERBAIJAN,57.6,"86,600 sq km","14,649 sq km","82,629 sq km",32.6,0.0,4.9,0.63,54.1,5.6,14400.0,10420515.0,6.58,16.5,30.0,1995474.0,8600000.0,10817071.0,,24981.0
"BAHAMAS, THE",1.4,"13,880 sq km",10 sq km,"10,010 sq km",32.8,0.0,9.3,0.8,84.45,13.72,30200.0,358508.0,13.24,30.8,24.0,83000.0,385400.0,466000.0,,2700.0
BAHRAIN,11.3,760 sq km,40 sq km,760 sq km,32.9,0.99,,0.85,88.5,2.23,49400.0,1553886.0,1.87,9.9,4.0,148928.0,1500000.0,1923443.0,,4122.0
BANGLADESH,70.1,"148,460 sq km","81,270 sq km","130,170 sq km",27.9,2.88,24.3,0.91,33.1,6.94,5900.0,167184465.0,5.23,14.7,16.0,10052819.0,66300000.0,181021227.0,2460.0,369105.0
BARBADOS,32.6,430 sq km,50 sq km,430 sq km,39.5,0.29,,0.24,146.93,-0.19,13800.0,303431.0,10.41,30.6,1.0,128000.0,240800.0,316633.0,,1700.0
BELARUS,43.7,"207,600 sq km",303 sq km,"202,900 sq km",40.9,0.72,5.0,0.32,33.24,2.3,19800.0,9383853.0,4.74,11.3,33.0,3255552.0,8352000.0,11760087.0,5528.0,86600.0
BELGIUM,44.1,"30,528 sq km",57 sq km,"30,278 sq km",41.6,4.18,14.8,0.55,119.43,6.13,51700.0,11913633.0,6.42,19.6,26.0,4734210.0,10920000.0,11740118.0,3602.0,118414.0
BELIZE,6.9,"22,966 sq km",35 sq km,"22,806 sq km",23.9,0.95,41.0,1.61,99.0,15.23,8800.0,419137.0,8.22,19.3,6.0,36000.0,248000.0,260000.0,,3281.0
BENIN,31.3,"112,622 sq km",172 sq km,"110,622 sq km",17.0,0.24,38.5,3.31,54.6,7.16,3300.0,14219908.0,1.57,3.9,1.0,29981.0,4420000.0,12731782.0,438.0,16000.0
BERMUDA,14.8,54 sq km,,54 sq km,43.6,1.43,11.0,0.32,43.0,5.41,80300.0,72576.0,7.0,29.3,1.0,23000.0,64000.0,68000.0,,447.0
BHUTAN,13.6,"38,394 sq km",320 sq km,"38,394 sq km",29.1,0.0,8.2,0.96,117.33,4.09,10900.0,876181.0,4.33,18.8,2.0,3189.0,670800.0,778008.0,,12205.0
BOLIVIA,34.3,"1,098,581 sq km","2,972 sq km","1,083,301 sq km",25.3,0.96,37.2,1.06,49.0,6.11,8100.0,12186079.0,8.51,17.4,21.0,931918.0,7920000.0,12033941.0,3960.0,90568.0
BOSNIA AND HERZEGOVINA,42.2,"51,197 sq km",30 sq km,"51,187 sq km",43.3,0.38,16.9,0.23,46.05,7.55,15700.0,3807764.0,15.22,32.9,7.0,770424.0,2508000.0,3728775.0,965.0,22926.0
BOTSWANA,45.8,"581,730 sq km",25 sq km,"566,730 sq km",25.7,2.77,19.3,1.37,19.66,11.37,14800.0,2417596.0,24.72,41.2,10.0,259525.0,1924000.0,4160553.0,888.0,31747.0
BRAZIL,32.9,"8,515,770 sq km","69,029 sq km","8,358,140 sq km",33.2,0.19,4.2,0.64,100.59,4.62,14600.0,218689757.0,14.4,31.9,698.0,31500000.0,140908998.0,207046813.0,29850.0,2000000.0
BRITISH VIRGIN ISLANDS,46.7,151 sq km,,151 sq km,37.2,13.21,,1.87,,2.0,34200.0,39369.0,2.9,,2.0,6738.0,24087.0,35000.0,,200.0
BRUNEI,2.5,"5,765 sq km",10 sq km,"5,265 sq km",31.1,2.15,,1.43,2.8,-1.59,60100.0,484991.0,7.65,23.4,1.0,71078.0,441000.0,603486.0,,2976.0
BULGARIA,46.9,"110,879 sq km",987 sq km,"108,489 sq km",43.7,0.29,23.8,0.66,32.24,7.63,24400.0,6827736.0,5.42,14.2,57.0,2115053.0,5175000.0,7902756.0,4029.0,19512.0
BURKINA FASO,44.2,"274,200 sq km",550 sq km,"273,800 sq km",17.9,0.59,41.4,2.46,72.53,6.91,2200.0,22489126.0,4.76,7.7,2.0,13979.0,4840000.0,24678315.0,622.0,15304.0
BURMA,19.2,"676,578 sq km","17,140 sq km","653,508 sq km",29.2,1.36,24.8,0.75,33.6,-17.91,4000.0,57970293.0,2.17,6.4,36.0,688185.0,23760000.0,67930093.0,5031.0,157000.0
BURUNDI,73.3,"27,830 sq km",230 sq km,"25,680 sq km",17.7,6.84,64.6,3.59,51.7,1.8,700.0,13162952.0,1.79,3.4,1.0,4230.0,754000.0,7740494.0,,12322.0
CABO VERDE,18.6,"4,033 sq km",35 sq km,"4,033 sq km",26.8,0.57,35.0,1.19,125.8,6.95,6100.0,603901.0,15.42,34.3,9.0,24839.0,413000.0,590171.0,,1350.0
CAMBODIA,32.1,"181,035 sq km","3,540 sq km","176,515 sq km",26.4,2.67,16.5,1.04,30.4,3.03,4400.0,16891245.0,0.61,1.8,6.0,233732.0,10200000.0,19899790.0,642.0,47263.0
CAMEROON,20.6,"475,440 sq km",290 sq km,"472,710 sq km",18.5,0.3,37.5,2.73,36.9,3.65,3700.0,30135732.0,3.87,6.6,11.0,722579.0,12420000.0,22442414.0,987.0,77589.0
CANADA,6.8,"9,984,670 sq km","9,045 sq km","9,093,507 sq km",41.8,5.37,9.4,0.73,72.09,4.54,47900.0,38516736.0,7.51,14.0,523.0,15390000.0,33950632.0,35960000.0,49422.0,1042300.0
CAYMAN ISLANDS,11.2,264 sq km,,264 sq km,40.5,12.34,,1.79,,,,65483.0,,13.8,,,,,,
CENTRAL AFRICAN REPUBLIC,8.1,"622,984 sq km",10 sq km,"622,984 sq km",20.0,3.16,62.0,1.77,52.9,0.9,800.0,5552228.0,6.57,11.8,1.0,499.0,605000.0,1800000.0,,24000.0
CHAD,39.6,1.284 million sq km,300 sq km,"1,259,200 sq km",16.1,0.12,42.3,3.05,52.5,-1.2,1400.0,18523165.0,1.88,2.4,9.0,,3060000.0,10000000.0,,40000.0
CHILE,21.1,"756,102 sq km","11,100 sq km","743,812 sq km",35.5,0.32,8.6,0.63,23.6,11.67,25400.0,18549457.0,9.13,21.4,90.0,3763826.0,17100000.0,26571823.0,,77801.0
CHINA,54.7,"9,596,960 sq km","690,070 sq km","9,326,410 sq km",38.4,0.11,1.7,0.18,76.9,3.0,12500.0,1413142846.0,5.2,11.4,510.0,483550000.0,1010740000.0,1750460000.0,150000.0,4960600.0
CHRISTMAS ISLAND,0.0,135 sq km,,135 sq km,,,,1.11,,,,2205.0,,,1.0,,1139.0,,18.0,142.0
COCOS (KEELING) ISLANDS,0.0,14 sq km,,14 sq km,,,,,,1.0,,596.0,0.1,,1.0,,,,,22.0
COLOMBIA,37.5,"1,138,910 sq km","10,900 sq km","1,038,700 sq km",31.2,1.85,35.7,0.54,90.4,10.68,14600.0,49336454.0,14.34,26.4,121.0,7764772.0,37960000.0,75000000.0,2141.0,205379.0
COMOROS,84.4,"2,235 sq km",1.3 sq km,"2,235 sq km",20.9,2.22,42.4,1.34,32.4,2.11,3200.0,888378.0,9.45,21.7,4.0,1066.0,221400.0,853449.0,,880.0
"CONGO, DEMOCRATIC REPUBLIC OF THE",,"2,344,858 sq km",110 sq km,"2,267,048 sq km",16.7,0.63,63.0,3.13,18.1,6.2,1100.0,111859928.0,5.43,10.1,26.0,31000.0,21102720.0,47000000.0,4007.0,152373.0
"CONGO, REPUBLIC OF THE",31.1,"342,000 sq km",20 sq km,"341,500 sq km",19.5,0.0,40.9,2.33,130.8,-2.2,3200.0,5677493.0,23.01,42.3,8.0,1000.0,1794390.0,5558658.0,510.0,23324.0
COOK ISLANDS,8.4,236 sq km,,236 sq km,38.3,26.2,,2.31,,10.5,15600.0,7939.0,13.1,,1.0,2700.0,11382.0,17000.0,,295.0
COSTA RICA,64.8,"322,463 sq km",730 sq km,"318,003 sq km",20.3,1.16,39.5,2.16,47.0,7.04,5300.0,29344847.0,3.47,5.7,7.0,260097.0,12150000.0,44561505.0,660.0,81996.0
CROATIA,23.7,"56,594 sq km",171 sq km,"55,974 sq km",43.9,0.26,18.3,0.47,104.89,13.07,31600.0,4169239.0,8.68,23.6,24.0,1030973.0,3321000.0,4402213.0,2617.0,26958.0
CUBA,60.3,"110,860 sq km","8,700 sq km","109,820 sq km",42.1,2.53,,0.19,47.7,1.25,12300.0,10985974.0,2.76,7.4,64.0,231654.0,7810000.0,7103296.0,8367.0,60000.0
CURACAO,10.0,444 sq km,,444 sq km,36.7,1.31,,0.3,33.2,4.23,20800.0,152849.0,13.0,42.2,1.0,55000.0,111956.0,170000.0,,550.0
CYPRUS,13.4,"9,251 sq km",268 sq km,"9,241 sq km",37.9,6.65,,1.0,,,,1308120.0,,11.8,,,,,,
CZECHIA,54.8,"78,867 sq km",220 sq km,"77,247 sq km",43.3,2.32,10.1,0.0,34.7,3.54,40700.0,10706242.0,2.89,7.6,41.0,3845426.0,9130000.0,13129905.0,9548.0,55744.0
DENMARK,63.4,"43,094 sq km","2,360 sq km","42,434 sq km",42.0,2.71,12.5,0.44,35.3,3.8,59700.0,5946984.0,4.8,10.1,28.0,2590282.0,5841000.0,7287875.0,2682.0,74558.0
DJIBOUTI,73.4,"23,200 sq km",10 sq km,"23,180 sq km",24.9,4.37,21.1,1.93,31.8,4.81,4900.0,976143.0,28.39,79.9,3.0,25053.0,759000.0,489339.0,97.0,2893.0
DOMINICA,34.7,751 sq km,,751 sq km,34.9,5.3,29.0,0.02,82.7,6.68,10900.0,74656.0,23.0,,2.0,16000.0,58320.0,62000.0,,1512.0
DOMINICAN REPUBLIC,51.5,"48,670 sq km","2,980 sq km","48,320 sq km",24.1,1.86,58.5,1.18,31.1,-1.8,2900.0,11470261.0,15.73,35.7,4.0,31000.0,4290000.0,7300000.0,,4102.0
ECUADOR,29.7,"283,561 sq km","10,000 sq km","276,841 sq km",28.8,0.0,25.0,1.1,45.4,4.24,10700.0,17483326.0,6.43,14.2,104.0,2371297.0,13680000.0,16789600.0,965.0,43950.0
EGYPT,3.6,"1,001,450 sq km","36,500 sq km","995,450 sq km",24.1,0.29,32.5,1.59,103.0,3.33,11600.0,109546720.0,9.33,24.3,11.0,9349469.0,79200000.0,103449427.0,5085.0,65050.0
EL SALVADOR,74.7,"21,041 sq km",274 sq km,"20,721 sq km",27.7,7.01,22.8,0.46,71.41,10.28,9100.0,6602370.0,5.94,13.7,5.0,586000.0,3969000.0,11071073.0,,9012.0
EQUATORIAL GUINEA,10.1,"28,051 sq km",,"28,051 sq km",20.3,13.01,44.0,3.36,37.4,-0.95,14600.0,1737695.0,9.24,18.3,6.0,1000.0,864000.0,650000.0,,2880.0
ERITREA,75.1,"117,600 sq km",210 sq km,"101,000 sq km",20.3,9.38,50.0,1.08,131.2,5.0,1600.0,6274796.0,8.05,14.6,4.0,5000.0,792000.0,1800000.0,306.0,16000.0
ESTONIA,22.2,"45,228 sq km",20 sq km,"42,388 sq km",43.7,2.73,21.7,0.74,23.77,8.01,38700.0,1202762.0,6.33,17.1,13.0,415610.0,1183000.0,1980838.0,1441.0,58412.0
ESWATINI,68.3,"17,364 sq km",500 sq km,"17,204 sq km",23.7,6.07,58.9,0.72,28.4,7.88,8900.0,1130043.0,25.76,50.9,2.0,12000.0,708000.0,1400000.0,301.0,3769.0
ETHIOPIA,36.3,"1,104,300 sq km","1,813 sq km","1,096,570 sq km",19.8,0.19,23.5,2.42,31.45,5.64,2300.0,116462712.0,3.69,5.7,17.0,212000.0,20400000.0,65000000.0,659.0,120171.0
EUROPEAN UNION,,"4,236,351 sq km","154,539.82 sq km",,44.0,2.85,9.8,0.1,86.8,5.39,44100.0,,7.05,19.5,1882.0,163772540.0,389063826.0,540557924.0,4894173.0,4894173.0
FALKLAND ISLANDS (ISLAS MALVINAS),92.4,"12,173 sq km",,"12,173 sq km",,,,0.01,0.0,25.5,70800.0,3662.0,1.0,,2.0,1000.0,3762.0,6000.0,,440.0
FAROE ISLANDS,2.1,"1,393 sq km",,"1,393 sq km",37.2,0.0,10.0,0.63,35.0,5.9,40000.0,52600.0,2.2,,1.0,18443.0,51728.0,59000.0,,960.0
FIJI,23.3,"18,274 sq km",40 sq km,"18,274 sq km",29.9,5.65,29.9,0.42,48.9,-5.11,10400.0,947760.0,5.24,18.1,4.0,23062.0,500000.0,990000.0,597.0,3440.0
FINLAND,7.5,"338,145 sq km",80 sq km,"303,815 sq km",42.8,2.25,12.2,0.22,61.3,2.1,49600.0,5614571.0,7.53,18.1,74.0,1846000.0,5115000.0,7000000.0,5918.0,454000.0
FRANCE,52.7,"643,801 sq km","14,236 sq km","640,427 sq km",46.3,4.2,13.6,0.12,123.0,6.8,45900.0,47222613.0,8.1,36.9,294.0,31520000.0,60421689.0,73830000.0,27860.0,1053215.0
FRENCH POLYNESIA,12.5,"4,167 sq km",10 sq km,"3,827 sq km",33.3,0.61,19.7,0.7,,1.02,18600.0,301488.0,14.39,38.9,45.0,64000.0,218100.0,322918.0,,2590.0
GABON,19.0,"267,667 sq km",40 sq km,"257,667 sq km",21.0,3.59,33.4,2.39,62.7,1.46,13800.0,2397368.0,22.26,38.4,14.0,44607.0,1656000.0,3144609.0,649.0,14300.0
"GAMBIA, THE",56.1,"11,300 sq km",50 sq km,"10,120 sq km",21.8,0.04,48.6,2.23,88.0,4.27,2100.0,2468569.0,11.21,15.5,1.0,5000.0,858000.0,27000000.0,,2977.0
GAZA STRIP,,360 sq km,,360 sq km,18.0,4.46,30.0,1.99,,7.05,5600.0,2098389.0,24.9,39.6,1.0,376911.0,3602452.0,4052966.0,,
GEORGIA,35.5,"69,700 sq km","4,330 sq km","69,700 sq km",38.6,0.06,19.5,0.01,65.88,10.47,15500.0,4936390.0,10.66,28.3,18.0,986809.0,2888000.0,5163558.0,1363.0,20295.0
GERMANY,48.0,"357,022 sq km","5,056 sq km","348,672 sq km",47.8,1.78,14.8,0.12,63.9,1.8,51200.0,84220184.0,3.0,7.0,318.0,37736000.0,79127551.0,107200000.0,39379.0,830000.0
GHANA,69.1,"238,533 sq km",360 sq km,"227,533 sq km",21.4,0.16,23.4,2.19,71.8,5.36,5400.0,33846114.0,4.7,9.6,7.0,78371.0,22440000.0,40454073.0,947.0,65725.0
GIBRALTAR,0.0,7 sq km,,6.5 sq km,35.5,3.24,,0.19,7.5,,61700.0,29629.0,1.0,,1.0,21009.0,31152.0,34000.0,,29.0
GREECE,63.4,"131,957 sq km","11,853 sq km","130,647 sq km",45.3,1.03,17.9,0.35,252.29,8.43,29500.0,10497595.0,14.8,36.9,68.0,4257026.0,7800000.0,11494008.0,2345.0,117000.0
GREENLAND,0.6,"2,166,086 sq km",,"2,166,086 sq km",34.3,4.95,16.2,0.04,13.0,0.36,41800.0,57777.0,9.1,,10.0,15649.0,38920.0,66605.0,,
GRENADA,32.3,344 sq km,20 sq km,344 sq km,33.3,2.34,38.0,0.29,70.4,4.69,13700.0,114299.0,24.0,,3.0,32000.0,93600.0,100000.0,,1127.0
GUAM,33.4,544 sq km,2 sq km,544 sq km,29.4,10.94,23.0,0.13,22.1,1.06,35600.0,169330.0,6.98,15.3,4.0,3000.0,136850.0,98000.0,,1045.0
GUATEMALA,41.2,"108,889 sq km","3,375 sq km","107,159 sq km",23.2,1.63,59.3,1.54,31.56,7.98,8900.0,17980803.0,3.57,7.2,16.0,612000.0,9180000.0,22124839.0,800.0,17440.0
GUERNSEY,,78 sq km,,78 sq km,44.3,1.64,,0.22,,0.4,52500.0,67642.0,7.37,15.8,2.0,25336.0,55069.0,71485.0,,260.0
GUINEA,58.1,"245,857 sq km",950 sq km,"245,717 sq km",19.1,0.0,,2.75,,,,13607249.0,,8.2,,,,,,
GUINEA-BISSAU,44.8,"36,125 sq km",250 sq km,"28,120 sq km",18.0,3.54,46.7,2.54,48.3,6.06,3500.0,2078820.0,3.72,12.8,9.0,153813.0,9860000.0,19859981.0,906.0,16665.0
GUYANA,8.4,"214,969 sq km","1,430 sq km","196,849 sq km",27.5,6.99,35.0,0.28,52.2,20.06,21900.0,791739.0,16.42,29.9,11.0,95000.0,680000.0,860000.0,,3995.0
HAITI,66.4,"27,750 sq km",970 sq km,"27,560 sq km",24.1,-2.4,,2.23,,,,11334637.0,,33.2,,,,,,
HONDURAS,28.8,"112,090 sq km",900 sq km,"111,890 sq km",24.4,1.32,48.3,1.16,39.5,12.53,5600.0,9571352.0,8.51,15.5,13.0,396916.0,4800000.0,7560710.0,699.0,14742.0
HONG KONG,5.0,"1,108 sq km",10 sq km,"1,073 sq km",45.6,1.65,,0.15,,,,7288167.0,,15.0,,,,,,
HUNGARY,58.9,"93,028 sq km","1,010 sq km","89,608 sq km",43.6,1.21,12.3,0.31,96.11,7.12,33600.0,9670009.0,4.12,13.5,20.0,,8633000.0,10248653.0,7687.0,203601.0
ICELAND,18.7,"103,000 sq km",0.5 sq km,"100,250 sq km",37.1,2.69,8.8,0.89,100.02,4.4,53600.0,360872.0,5.4,13.4,7.0,141816.0,370000.0,437270.0,,12898.0
INDIA,60.5,"3,287,263 sq km","715,539 sq km","2,973,193 sq km",28.7,0.12,21.9,0.7,46.52,8.68,6600.0,1399179585.0,5.98,28.3,253.0,23000000.0,560000000.0,1166310000.0,68525.0,6371847.0
INDONESIA,31.2,"1,904,569 sq km","67,220 sq km","1,811,569 sq km",31.1,0.71,9.4,0.76,42.92,3.69,11900.0,279476346.0,4.41,16.1,186.0,11722218.0,167400000.0,365872608.0,8159.0,496607.0
IRAN,30.1,"1,648,195 sq km","79,721 sq km","1,531,595 sq km",31.7,0.3,18.7,0.93,39.5,4.72,15000.0,87590873.0,11.46,27.2,140.0,9564195.0,69520000.0,135899424.0,,223485.0
IRAQ,18.1,"438,317 sq km","35,250 sq km","437,367 sq km",21.2,0.98,23.0,1.94,27.44,2.78,9000.0,41266109.0,14.19,27.2,72.0,6254099.0,21560000.0,37649112.0,2272.0,59623.0
IRELAND,66.1,"70,273 sq km",0 sq km,"68,883 sq km",37.8,3.76,13.1,0.91,71.58,13.59,102500.0,5323991.0,6.63,17.4,16.0,1516473.0,4750000.0,5373865.0,1688.0,99830.0
ISLE OF MAN,74.7,572 sq km,,572 sq km,44.6,4.52,,0.48,,0.25,84600.0,91840.0,1.1,10.1,1.0,,,,63.0,1107.0
ISRAEL,23.8,"21,937 sq km","2,159 sq km","21,497 sq km",30.4,1.99,22.0,1.43,72.6,8.61,42100.0,9043387.0,5.05,8.8,33.0,2602079.0,8010000.0,12500000.0,1497.0,20391.0
ITALY,47.1,"301,340 sq km","26,010 sq km","294,140 sq km",46.5,3.2,20.1,0.11,131.8,6.74,41900.0,61021855.0,9.83,30.9,98.0,18128787.0,44250000.0,78114933.0,18475.0,487700.0
JAMAICA,41.4,"10,991 sq km",250 sq km,"10,831 sq km",29.4,7.42,17.1,0.09,106.28,4.6,9600.0,2820982.0,9.18,26.1,11.0,385603.0,2296000.0,2905408.0,,22121.0
JAPAN,12.5,"377,915 sq km","15,730 sq km","364,485 sq km",48.6,0.74,15.7,0.41,261.3,1.0,39300.0,123719238.0,2.6,4.4,142.0,43730000.0,116565962.0,204700000.0,27311.0,1218772.0
JERSEY,66.0,116 sq km,,116 sq km,37.5,1.5,,0.61,,1.0,56600.0,102785.0,7.37,15.8,1.0,39699.0,96038.0,124083.0,,576.0
JORDAN,11.4,"89,342 sq km",833 sq km,"88,802 sq km",23.5,10.99,15.7,0.79,75.14,2.23,9200.0,11086716.0,19.25,40.5,16.0,630545.0,9130000.0,7275563.0,509.0,7203.0
KAZAKHSTAN,77.4,"2,724,900 sq km","18,099 sq km","2,699,700 sq km",31.6,0.39,4.3,0.73,26.63,4.3,26100.0,19543464.0,4.9,3.7,63.0,2620400.0,17290000.0,24323000.0,16636.0,96167.0
KENYA,48.1,"580,367 sq km","1,030 sq km","569,140 sq km",20.0,0.19,36.1,2.09,54.2,7.52,4700.0,57052004.0,5.74,13.8,16.0,674191.0,15370000.0,65085720.0,3819.0,161452.0
KIRIBATI,42.0,811 sq km,0 sq km,811 sq km,25.7,2.79,,1.02,26.3,1.5,1900.0,115372.0,30.6,22.5,4.0,185.0,70200.0,54527.0,,670.0
"KOREA, NORTH",21.8,"120,538 sq km","14,600 sq km","120,408 sq km",34.6,0.04,,0.44,,-1.1,1700.0,26072217.0,2.59,6.1,39.0,,,6000000.0,7435.0,25554.0
"KOREA, SOUTH",18.1,"99,720 sq km","7,780 sq km","96,920 sq km",43.2,2.61,14.4,0.23,46.43,4.15,44200.0,51966948.0,3.53,7.8,71.0,22327182.0,50960000.0,72855492.0,3979.0,100428.0
KOSOVO,52.8,"10,887 sq km",,"10,887 sq km",,,17.6,,21.2,10.75,11900.0,1964327.0,30.5,48.8,3.0,,1756300.0,1777859.0,437.0,2012.0
KUWAIT,8.5,"17,818 sq km",100 sq km,"17,818 sq km",29.7,4.07,,1.13,20.6,-8.86,43900.0,3103580.0,3.71,25.5,4.0,73948.0,4300000.0,6918180.0,,5749.0
KYRGYZSTAN,55.4,"199,951 sq km","10,043 sq km","191,801 sq km",27.3,4.83,20.1,0.82,72.23,3.61,4800.0,6122781.0,9.1,19.3,18.0,289000.0,5070000.0,8500000.0,424.0,34000.0
LAOS,10.6,"236,800 sq km","4,409 sq km","230,800 sq km",24.0,1.09,18.3,1.3,63.6,2.53,7800.0,7852377.0,1.26,3.3,8.0,128000.0,4588000.0,4822973.0,422.0,39586.0
LATVIA,29.2,"64,589 sq km",6 sq km,"62,249 sq km",44.4,5.06,22.9,1.13,36.3,4.07,32100.0,1821750.0,7.6,15.5,18.0,490569.0,1729000.0,2161725.0,2216.0,70244.0
LEBANON,63.3,"10,400 sq km","1,040 sq km","10,230 sq km",33.7,0.94,27.4,0.64,146.8,-7.0,13000.0,5331203.0,14.49,29.6,5.0,432070.0,4872000.0,4300000.0,401.0,21705.0
LESOTHO,76.1,"30,355 sq km",12 sq km,"30,355 sq km",24.7,4.52,49.7,0.76,33.7,1.35,2300.0,2210646.0,24.6,37.4,3.0,5060.0,1104000.0,1821374.0,,5940.0
LIBERIA,28.1,"111,369 sq km",30 sq km,"96,320 sq km",18.0,2.67,50.9,2.71,34.4,4.99,1400.0,5506280.0,4.09,3.2,2.0,13000.0,1768000.0,1700000.0,429.0,10600.0
LIBYA,8.8,"1,759,540 sq km","4,700 sq km","1,759,540 sq km",25.8,2.05,,1.54,4.7,31.37,22000.0,7252573.0,19.58,50.5,68.0,332000.0,3095400.0,2900000.0,,37000.0
LIECHTENSTEIN,37.6,160 sq km,0 sq km,160 sq km,43.7,4.78,16.0,0.7,20.91,4.22,71000.0,39993.0,5.32,9.1,40.0,4028238.0,8352000.0,11060700.0,5296.0,71557.0
LITHUANIA,44.8,"65,300 sq km",16 sq km,"62,680 sq km",44.5,4.34,20.6,1.04,53.28,5.98,39300.0,2655755.0,7.9,19.0,22.0,796814.0,2436000.0,3726653.0,1911.0,84166.0
LUXEMBOURG,50.7,"2,586 sq km",0 sq km,"2,586 sq km",39.5,11.39,17.5,1.58,23.0,5.1,115700.0,660924.0,5.23,15.2,1.0,235155.0,633600.0,880000.0,271.0,2875.0
MACAU,0.0,28 sq km,0 sq km,28.2 sq km,40.8,3.13,,0.71,0.0,19.27,64800.0,639971.0,3.01,9.2,1.0,208000.0,607200.0,2800000.0,,428.0
MADAGASCAR,71.1,"587,041 sq km","10,860 sq km","581,540 sq km",20.3,0.0,70.7,2.22,36.0,4.4,1500.0,28812195.0,2.59,4.8,26.0,32000.0,5800000.0,16279633.0,836.0,31640.0
MALAWI,59.2,"118,484 sq km",740 sq km,"94,080 sq km",16.8,0.0,51.5,2.28,44.89,2.75,1500.0,21279597.0,7.02,9.9,7.0,12255.0,4800000.0,11940135.0,767.0,15452.0
MALAYSIA,23.2,"329,847 sq km","4,420 sq km","328,657 sq km",29.2,1.46,5.6,1.01,62.03,3.09,26300.0,34219975.0,4.61,15.6,39.0,3358800.0,32979999.0,47201700.0,1851.0,144403.0
MALDIVES,23.3,298 sq km,0 sq km,298 sq km,29.5,12.8,8.2,0.17,63.9,41.75,18800.0,389568.0,6.08,17.7,7.0,63685.0,447200.0,706043.0,,93.0
MALI,34.1,"1,240,192 sq km","3,780 sq km","1,220,190 sq km",16.0,2.99,42.1,2.93,35.4,3.05,2100.0,21359722.0,7.72,17.3,8.0,243806.0,7480000.0,21882251.0,593.0,139107.0
MALTA,32.3,316 sq km,35 sq km,316 sq km,42.3,4.96,17.1,0.59,50.7,10.3,44700.0,467138.0,3.5,9.8,1.0,213419.0,461100.0,644955.0,,3096.0
MARSHALL ISLANDS,50.7,181 sq km,0 sq km,181 sq km,23.8,4.31,,1.3,41.71,1.11,6000.0,80966.0,36.0,26.0,4.0,1000.0,16254.0,16000.0,,2028.0
MAURITANIA,38.5,"1,030,700 sq km",450 sq km,"1,030,700 sq km",21.0,0.71,31.0,1.96,96.6,2.45,5300.0,4244878.0,11.46,23.0,9.0,18457.0,2714000.0,6512361.0,728.0,12253.0
MAURITIUS,43.8,"2,040 sq km",158 sq km,"2,030 sq km",36.3,0.0,,0.09,,,,1309448.0,,25.3,,,,,,
MEXICO,54.9,"1,964,375 sq km","60,620 sq km","1,943,945 sq km",29.3,0.77,41.9,0.61,54.3,4.72,19100.0,129875529.0,4.38,8.1,243.0,21936131.0,98800000.0,123920752.0,23389.0,704884.0
"MICRONESIA, FEDERATED STATES OF",25.5,702 sq km,0 sq km,702 sq km,26.3,20.92,41.2,0.7,25.4,-3.19,3300.0,100319.0,16.2,18.9,6.0,6000.0,44000.0,22000.0,,
MOLDOVA,74.9,"33,851 sq km","2,155 sq km","32,891 sq km",37.7,8.8,7.3,1.14,33.01,13.94,14000.0,3250532.0,3.96,8.6,5.0,719001.0,1891000.0,3900179.0,1171.0,9352.0
MONACO,1.0,2 sq km,0 sq km,2 sq km,55.4,10.89,,0.66,,21.55,115700.0,31597.0,2.0,26.6,,20877.0,31820.0,36255.0,,
MONGOLIA,73.0,"1,564,116 sq km",602 sq km,"1,553,556 sq km",29.8,0.77,28.4,0.83,73.94,1.64,11700.0,3255468.0,7.08,21.0,15.0,307166.0,2772000.0,4687304.0,1815.0,113200.0
MONTENEGRO,38.2,"13,812 sq km",24 sq km,"13,452 sq km",39.6,4.99,24.5,0.43,67.2,12.43,20600.0,602445.0,18.49,31.6,5.0,184176.0,516600.0,1120074.0,250.0,7762.0
MONTSERRAT,30.0,102 sq km,0 sq km,102 sq km,34.8,0.0,,0.46,,,,5440.0,,,,,,,,
MOROCCO,67.5,"716,550 sq km","17,645 sq km","716,300 sq km",29.1,1.73,4.8,0.88,65.1,7.93,8100.0,37067420.0,11.47,27.2,36.0,2102434.0,32560000.0,52012000.0,2067.0,57300.0
MOZAMBIQUE,56.3,"799,380 sq km","1,180 sq km","786,380 sq km",17.0,1.54,46.1,2.55,102.88,2.36,1200.0,32513805.0,3.98,8.1,21.0,70000.0,5440000.0,13686234.0,4787.0,31083.0
NAMIBIA,47.2,"824,292 sq km",80 sq km,"823,290 sq km",22.5,0.0,,1.83,,,,2727409.0,,43.4,,,,,,
NAURU,20.0,21 sq km,0 sq km,21 sq km,27.0,10.15,,0.42,62.0,1.5,11900.0,9852.0,23.0,26.6,1.0,950.0,10920.0,10000.0,,30.0
NEPAL,28.8,"147,181 sq km","13,320 sq km","143,351 sq km",25.3,4.29,25.2,0.74,39.05,4.25,3800.0,30899443.0,5.05,9.5,11.0,1270000.0,15600000.0,38000000.0,59.0,27990.0
NETHERLANDS,55.1,"41,543 sq km","2,969 sq km","33,893 sq km",42.8,1.89,13.6,0.36,56.5,4.86,56600.0,17463930.0,4.01,9.6,23.0,7525016.0,16559999.0,21888000.0,3055.0,139124.0
NEW CALEDONIA,10.4,"18,575 sq km",100 sq km,"18,275 sq km",32.9,3.62,17.0,1.17,6.5,2.0,35700.0,300682.0,16.57,41.0,12.0,55000.0,237800.0,260000.0,,5622.0
NEW ZEALAND,43.2,"268,838 sq km","7,000 sq km","264,537 sq km",37.2,4.4,,0.92,,,,5223100.0,,9.2,,,,,,
NICARAGUA,42.2,"130,370 sq km","1,990 sq km","119,990 sq km",27.3,2.04,24.9,0.91,33.3,10.34,5600.0,6359689.0,5.96,11.6,12.0,290351.0,3933000.0,6233864.0,,23897.0
NIGER,35.1,1.267 million sq km,"2,666 sq km","1,266,700 sq km",14.8,0.62,40.8,3.66,45.3,1.39,1200.0,25396840.0,0.75,1.0,10.0,12000.0,5500000.0,14000000.0,,18949.0
NIGERIA,78.0,"923,768 sq km","2,930 sq km","910,768 sq km",18.6,0.21,40.1,2.53,21.8,3.65,4900.0,230842743.0,9.79,19.6,40.0,65313.0,115500000.0,195128265.0,3798.0,195000.0
NIUE,19.1,260 sq km,0 sq km,260 sq km,,,,0.03,,6.2,11100.0,2000.0,12.0,,1.0,,1512.0,,,234.0
NORFOLK ISLAND,25.0,36 sq km,0 sq km,36 sq km,,,,0.01,,,,1748.0,,,1.0,,806.0,,,80.0
NORTH MACEDONIA,44.3,"25,713 sq km",844 sq km,"25,433 sq km",39.0,0.38,21.6,0.11,39.3,3.96,16500.0,2133410.0,16.2,34.1,8.0,475569.0,1743000.0,1941352.0,699.0,14182.0
NORTHERN MARIANA ISLANDS,6.6,464 sq km,1 sq km,464 sq km,32.8,13.51,,0.35,7.1,-11.14,24500.0,51295.0,11.2,,3.0,,12299.0,20474.0,,536.0
NORWAY,2.7,"323,802 sq km",337 sq km,"304,282 sq km",39.5,3.89,12.7,0.79,36.5,3.3,67500.0,5597924.0,4.99,13.0,67.0,2387661.0,5346000.0,5800000.0,3848.0,94902.0
OMAN,4.7,"309,500 sq km","1,079 sq km","309,500 sq km",26.2,0.46,,1.8,46.9,3.09,34300.0,3833465.0,3.12,14.6,13.0,508949.0,4320000.0,6115537.0,,60230.0
PAKISTAN,35.2,"796,095 sq km","193,400 sq km","770,875 sq km",22.0,1.01,24.3,1.91,67.0,6.49,5200.0,247653551.0,4.35,9.4,108.0,2523027.0,48300000.0,188711452.0,11881.0,264175.0
PALAU,10.8,459 sq km,0 sq km,459 sq km,33.9,0.64,24.9,0.39,86.13,-13.33,13800.0,21779.0,1.7,5.6,1.0,1224.0,6696.0,24000.0,,125.0
PANAMA,30.5,"75,420 sq km",407 sq km,"74,340 sq km",30.1,3.22,22.1,1.51,37.8,15.34,29000.0,4404108.0,12.09,30.0,57.0,562413.0,2992000.0,6003255.0,77.0,
PAPUA NEW GUINEA,2.6,"462,840 sq km",0 sq km,"452,860 sq km",24.0,0.0,37.0,2.31,48.68,0.3,3700.0,9819350.0,2.75,5.3,21.0,21000.0,3168000.0,4800000.0,,9349.0
PARAGUAY,53.8,"406,752 sq km","1,362 sq km","397,302 sq km",29.7,0.07,23.5,1.12,19.5,4.1,13700.0,7439863.0,7.21,16.3,15.0,562369.0,5159000.0,7975074.0,30.0,78811.0
PERU,18.8,"1,285,216 sq km","25,800 sq km","1,279,996 sq km",29.1,0.89,20.2,0.5,34.67,13.35,12500.0,32440172.0,4.83,11.2,59.0,3044000.0,24140000.0,43129394.0,,18699.0
PHILIPPINES,41.0,"300,000 sq km","16,270 sq km","298,170 sq km",25.7,-1.88,16.7,1.58,39.9,5.7,8100.0,109035343.0,2.41,7.3,7.0,7936574.0,58300000.0,163345244.0,,
PITCAIRN ISLANDS,0.0,47 sq km,0 sq km,47 sq km,,,,0.0,,,,50.0,,,,,,,,
POLAND,48.2,"312,685 sq km",760 sq km,"304,255 sq km",41.9,0.34,15.4,0.28,50.6,6.85,34900.0,37991766.0,3.37,13.4,87.0,8369218.0,32299999.0,50588785.0,19461.0,420000.0
PORTUGAL,39.7,"92,090 sq km","5,662 sq km","91,470 sq km",44.6,1.2,17.2,0.17,125.7,5.48,33700.0,10223150.0,6.65,23.1,43.0,4160795.0,8199999.0,12476165.0,2526.0,82900.0
PUERTO RICO,22.0,"9,104 sq km",220 sq km,"8,959 sq km",43.6,10.76,,1.29,51.6,0.21,32600.0,3057311.0,8.27,18.5,17.0,671284.0,2564100.0,3661176.0,,26862.0
QATAR,5.6,"11,586 sq km",130 sq km,"11,586 sq km",33.7,0.78,,0.86,53.8,1.59,92900.0,2532104.0,0.26,1.1,4.0,296126.0,2700000.0,3876499.0,,7039.0
ROMANIA,60.7,"238,391 sq km","4,730 sq km","229,891 sq km",42.5,3.86,23.8,1.01,57.11,5.1,30800.0,18326327.0,5.17,20.6,26.0,5684782.0,15960000.0,22929000.0,10628.0,84185.0
RUSSIA,13.1,"17,098,242 sq km","43,000 sq km","16,377,742 sq km",40.3,1.7,12.6,0.24,23.05,4.75,28000.0,141698923.0,5.01,16.9,594.0,33893305.0,132000000.0,250000000.0,85494.0,1283387.0
RWANDA,74.5,"26,338 sq km",96 sq km,"24,668 sq km",19.7,3.16,38.2,1.68,40.5,10.88,2200.0,13400541.0,1.61,2.9,4.0,17685.0,3900000.0,10902989.0,,4700.0
SAINT BARTHELEMY,,25 sq km,,25 sq km,47.0,1.3,,0.11,,,,7093.0,,,1.0,,7077.0,,,40.0
"SAINT HELENA, ASCENSION, AND TRISTAN DA CUNHA",30.8,394 sq km,0 sq km,122 sq km,44.7,0.0,,0.11,,,7800.0,7935.0,14.0,,2.0,1000.0,2287.0,4000.0,,198.0
SAINT KITTS AND NEVIS,23.1,261 sq km,8 sq km,261 sq km,38.1,1.2,,0.59,62.9,-0.88,26500.0,54817.0,4.5,,2.0,30000.0,37920.0,57000.0,50.0,383.0
SAINT LUCIA,17.4,616 sq km,30 sq km,606 sq km,39.0,0.8,25.0,0.27,70.7,12.23,13000.0,167591.0,16.91,38.7,2.0,33000.0,140400.0,170000.0,,1210.0
SAINT MARTIN,,50 sq km,,50 sq km,34.0,6.2,,0.31,,,19300.0,32897.0,,,1.0,,19284.0,68840.0,,
SAINT PIERRE AND MIQUELON,8.7,242 sq km,0 sq km,242 sq km,50.6,7.1,,1.19,,,46200.0,5195.0,8.7,,2.0,,5099.0,,,117.0
SAINT VINCENT AND THE GRENADINES,25.6,389 sq km,10 sq km,389 sq km,37.0,6.1,,0.16,73.8,1.35,13700.0,100804.0,21.62,41.1,5.0,24733.0,85000.0,114892.0,,
SAMOA,12.4,"2,831 sq km",0 sq km,"2,821 sq km",26.9,7.2,20.3,0.65,49.1,-7.08,5500.0,207501.0,9.84,19.7,1.0,1692.0,171600.0,69000.0,,1150.0
SAN MARINO,16.7,61 sq km,0 sq km,61 sq km,45.9,5.9,,0.59,98.35,-6.65,56400.0,34892.0,8.1,27.4,292.0,11000.0,25500.0,40000.0,,292.0
SAO TOME AND PRINCIPE,50.7,964 sq km,100 sq km,964 sq km,20.4,6.8,66.7,1.45,88.4,1.88,4100.0,220372.0,15.91,22.9,2.0,2512.0,112200.0,189239.0,,1300.0
SAUDI ARABIA,80.7,"2,149,690 sq km","11,910 sq km","2,149,690 sq km",32.0,6.1,,1.65,17.2,3.24,44300.0,35939806.0,7.36,28.8,82.0,7890261.0,36000000.0,45427321.0,5410.0,221372.0
SENEGAL,46.8,"196,722 sq km","1,200 sq km","192,530 sq km",19.0,0.7,43.7,2.52,37.9,3.9,2600.0,18384660.0,6.34,8.2,4.0,1000.0,4900000.0,13795000.0,1086.0,44301.0
SERBIA,57.9,"77,474 sq km",520 sq km,"77,474 sq km",43.7,0.0,23.2,0.63,62.5,7.55,19800.0,6693375.0,11.81,30.4,10.0,1730496.0,5589000.0,8501519.0,3333.0,44248.0
SEYCHELLES,6.5,455 sq km,3 sq km,455 sq km,38.2,0.8,25.3,0.6,63.6,7.86,28800.0,97617.0,3.0,16.5,7.0,34966.0,90200.0,184161.0,,526.0
SIERRA LEONE,56.2,"71,740 sq km",300 sq km,"71,620 sq km",19.2,1.7,56.8,2.41,63.9,4.1,1600.0,8908040.0,5.33,10.8,1.0,,1047499.0,8227093.0,,11701.0
SINGAPORE,1.0,719 sq km,0 sq km,709.2 sq km,38.9,4.2,,0.9,153.41,7.61,106000.0,5975383.0,3.62,9.1,9.0,1509700.0,5369000.0,8660700.0,,3500.0
SINT MAARTEN,,34 sq km,,34 sq km,41.1,5.8,,1.19,,-6.6,35300.0,45677.0,12.0,,1.0,,39089.0,68840.0,,53.0
SLOVAKIA,40.1,"49,035 sq km",211 sq km,"48,105 sq km",42.5,0.0,11.9,0.13,77.36,3.01,31900.0,5425319.0,6.74,21.5,19.0,1701561.0,4806000.0,7362325.0,3627.0,56926.0
SLOVENIA,22.8,"20,273 sq km",39 sq km,"20,151 sq km",45.9,1.5,12.0,0.08,73.6,8.21,40000.0,2099790.0,4.42,13.9,9.0,651604.0,1869000.0,2607268.0,1207.0,38985.0
SOLOMON ISLANDS,3.9,"28,896 sq km",0 sq km,"27,986 sq km",24.8,1.5,12.7,1.69,11.46,-0.2,2400.0,714766.0,1.03,1.9,1.0,1000.0,255600.0,470000.0,,1390.0
SOMALIA,70.3,"637,657 sq km","2,000 sq km","627,337 sq km",19.0,1.4,,2.49,76.7,4.05,1100.0,12693796.0,19.86,34.7,8.0,119000.0,2465000.0,8844000.0,,15000.0
SOUTH AFRICA,79.4,"1,219,090 sq km","16,700 sq km","1,214,470 sq km",30.1,0.3,55.5,1.08,53.0,4.91,13300.0,58048332.0,33.56,64.2,130.0,1303057.0,42480000.0,100328005.0,20986.0,750000.0
SOUTH SUDAN,45.0,"644,329 sq km","1,000 sq km",,18.7,20.0,76.4,4.78,62.7,-5.2,1600.0,12118379.0,13.91,21.0,4.0,200.0,869000.0,3300000.0,248.0,90200.0
SPAIN,54.1,"505,370 sq km","38,000 sq km","498,980 sq km",46.3,4.2,,0.12,,7.4,34000.0,47222613.0,5.6,33.9,102.0,2700.0,2473.0,5000.0,15489.0,683175.0
SRI LANKA,43.5,"65,610 sq km","5,700 sq km","64,630 sq km",33.9,1.5,4.1,0.56,79.1,3.33,13400.0,23326272.0,5.39,26.1,11.0,1781530.0,14740000.0,30764134.0,1562.0,114093.0
SUDAN,100.0,"1,861,484 sq km","15,666 sq km","1,731,671 sq km",19.1,1.6,46.5,2.55,121.6,-1.87,3700.0,49197555.0,19.81,35.6,17.0,28782.0,13248000.0,16688773.0,7251.0,31000.0
SURINAME,0.5,"163,820 sq km",600 sq km,"156,000 sq km",31.6,2.5,70.0,1.11,69.3,-2.73,14800.0,639759.0,10.06,30.5,6.0,92270.0,402600.0,906170.0,,4304.0
SVALBARD,0.0,"62,045 sq km",,"62,045 sq km",,5.57,,0.03,,,,2926.0,,,1.0,,,,,40.0
SWEDEN,7.5,"450,295 sq km",519 sq km,"410,335 sq km",41.0,3.8,17.1,0.51,44.0,2.6,54800.0,10536338.0,8.66,24.5,149.0,4179574.0,8800000.0,12843683.0,10910.0,573134.0
SWITZERLAND,38.7,"41,277 sq km",327 sq km,"39,997 sq km",44.0,6.0,,0.78,,,,8563760.0,,9.1,,,,,,
SYRIA,75.8,"187,437 sq km","13,100 sq km","185,887 sq km",23.9,45.8,82.5,6.39,94.8,-3.87,2900.0,22933531.0,10.57,26.2,29.0,1549356.0,8492468.0,16990714.0,2052.0,69873.0
TAIWAN,22.7,"35,980 sq km","3,820 sq km","32,260 sq km",44.0,1.0,1.5,0.03,35.7,2.71,47800.0,23588613.0,3.73,,35.0,5831470.0,21600000.0,30000000.0,,43206.0
TAJIKISTAN,34.7,"144,100 sq km","5,690 sq km","141,510 sq km",22.7,2.0,26.3,1.94,50.4,9.2,3900.0,9245937.0,7.75,17.4,17.0,6000.0,3009054.0,12000000.0,680.0,30000.0
TANZANIA,43.7,"947,300 sq km","1,840 sq km","885,800 sq km",18.9,0.4,26.4,2.75,37.0,4.28,2600.0,65642682.0,2.65,4.6,10.0,1135608.0,20480000.0,54000000.0,4097.0,145203.0
THAILAND,41.2,"513,120 sq km","64,150 sq km","510,890 sq km",41.0,0.2,9.9,0.2,50.4,1.53,17100.0,69794997.0,1.42,7.0,63.0,11478265.0,61200000.0,120000000.0,4127.0,180053.0
TIMOR-LESTE,25.1,"14,874 sq km",350 sq km,"14,874 sq km",20.3,3.8,41.8,2.1,3.8,5.29,5000.0,1476042.0,5.07,13.8,2.0,75.0,507000.0,1400000.0,,6040.0
TOGO,67.4,"56,785 sq km",70 sq km,"54,385 sq km",20.5,1.8,55.1,2.45,75.7,5.26,2100.0,8703961.0,4.0,9.7,2.0,52706.0,3010000.0,6300000.0,568.0,9951.0
TOKELAU,60.0,12 sq km,0 sq km,12 sq km,,3.84,,0.01,,,6004.0,1647.0,2.0,,,,800.0,,,10.0
TONGA,43.1,747 sq km,0 sq km,717 sq km,25.4,18.1,22.5,0.3,49.41,-2.67,6100.0,105221.0,3.97,11.1,1.0,5000.0,73700.0,64000.0,,680.0
TRINIDAD AND TOBAGO,10.6,"5,128 sq km",70 sq km,"5,128 sq km",38.0,1.0,20.0,0.12,41.8,-1.03,23000.0,1407460.0,4.8,12.7,2.0,376771.0,1185000.0,2000000.0,,
TUNISIA,64.8,"163,610 sq km","3,920 sq km","155,360 sq km",34.0,1.3,15.2,0.63,70.3,4.32,10400.0,11976182.0,16.82,38.3,15.0,1334059.0,9480000.0,16000000.0,2173.0,
TURKEY (TURKIYE),49.7,"783,562 sq km","52,150 sq km","769,632 sq km",33.6,1.5,14.4,0.64,41.97,11.35,31500.0,83593483.0,13.39,24.3,91.0,16734853.0,68850000.0,86000000.0,11497.0,67333.0
TURKMENISTAN,72.0,"488,100 sq km","19,950 sq km","469,930 sq km",30.7,1.7,0.2,0.95,28.8,6.3,15000.0,5690818.0,5.08,11.0,21.0,10000.0,1563023.0,6300000.0,5113.0,58592.0
TURKS AND CAICOS ISLANDS,1.1,948 sq km,0 sq km,948 sq km,35.9,8.4,,1.81,,2.1,18500.0,59367.0,10.0,,6.0,,37008.0,25085.0,,121.0
TUVALU,60.0,26 sq km,0 sq km,26 sq km,27.5,6.4,26.3,0.81,37.0,2.99,4900.0,11639.0,,20.6,1.0,450.0,7920.0,9000.0,,8.0
UGANDA,71.2,"241,038 sq km",105 sq km,"197,100 sq km",16.1,3.2,21.4,3.22,44.19,3.54,2200.0,47729952.0,2.94,4.3,5.0,58594.0,4600000.0,30000000.0,1244.0,20544.0
UKRAINE,71.2,"603,550 sq km","4,350 sq km","579,330 sq km",45.3,37.3,1.1,2.33,58.72,3.4,10700.0,43306477.0,8.88,16.5,108.0,7769401.0,34596356.0,56000000.0,21733.0,169694.0
UNITED ARAB EMIRATES,4.6,"83,600 sq km",898 sq km,"83,600 sq km",35.7,3.4,19.5,0.58,19.7,3.92,69700.0,9973449.0,3.36,10.7,25.0,3245123.0,9400000.0,18000000.0,,4080.0
UNITED KINGDOM,71.0,"243,610 sq km",718 sq km,"241,930 sq km",40.6,3.2,,0.49,95.1,4.1,46200.0,68138484.0,4.5,13.2,271.0,27050000.0,65001016.0,80220000.0,16390.0,394428.0
UNITED STATES,44.5,"9,833,517 sq km","234,782 sq km","9,147,593 sq km",38.5,3.0,15.1,0.68,127.1,5.95,63700.0,339665118.0,3.9,9.6,5080.0,119870000.0,311870000.0,496800000.0,293564.0,6586610.0
URUGUAY,87.2,"176,215 sq km","2,380 sq km","175,015 sq km",36.2,0.9,8.8,0.27,60.4,4.37,22800.0,3416264.0,10.45,32.9,11.0,1063701.0,3060000.0,4700000.0,1673.0,77732.0
UZBEKISTAN,62.6,"447,400 sq km","37,320 sq km","425,400 sq km",28.7,0.9,14.1,1.61,24.3,7.42,7700.0,31360836.0,7.16,16.0,33.0,4820009.0,26180000.0,35000000.0,4642.0,86496.0
VANUATU,15.3,"12,189 sq km",0 sq km,"12,189 sq km",24.2,1.3,,1.59,48.4,0.45,2800.0,313046.0,2.18,5.4,3.0,2785.0,211200.0,250000.0,,1070.0
VENEZUELA,24.5,"912,050 sq km","10,550 sq km","882,050 sq km",30.8,13.6,33.1,2.4,38.9,-19.67,7704.0,30518260.0,6.41,14.9,127.0,2561556.0,22734162.0,17000000.0,447.0,96189.0
VIETNAM,34.8,"331,210 sq km","46,000 sq km","310,070 sq km",32.7,0.2,6.7,0.93,58.5,2.56,10600.0,104799174.0,2.17,7.2,38.0,16699249.0,71780000.0,140000000.0,2600.0,195468.0
VIRGIN ISLANDS,11.5,"1,910 sq km",1 sq km,346 sq km,42.7,7.3,28.9,0.49,53.3,-2.15,37000.0,104917.0,13.27,27.0,2.0,,67508.0,80000.0,,1260.0
WALLIS AND FUTUNA,42.8,142 sq km,0.6 sq km,142 sq km,35.8,3.8,,0.23,5.6,,3800.0,15929.0,8.8,,2.0,,5496.0,0.0,,
WEST BANK,43.3,"5,860 sq km",,"5,640 sq km",21.7,3.9,18.0,2.1,24.4,7.05,5600.0,3176549.0,24.9,39.6,2.0,373050.0,3938199.0,4052966.0,,4686.0
WORLD,,510.072 million sq km,"3,242,917 sq km",148.94 million sq km,31.0,,,1.03,67.2,5.87,17000.0,7979261010.0,6.18,17.9,,1.0,,8.0,1148186.0,
YEMEN,44.5,"527,968 sq km","6,800 sq km","527,968 sq km",21.6,0.2,48.6,1.83,74.5,-5.9,2500.0,31565602.0,13.57,25.5,17.0,391000.0,8229624.0,15000000.0,,71300.0
ZAMBIA,31.7,"752,618 sq km","1,560 sq km","743,398 sq km",18.2,0.2,54.4,2.86,103.7,4.6,3200.0,20216029.0,13.03,26.1,8.0,82317.0,3990000.0,20000000.0,3126.0,67671.0
ZIMBABWE,42.5,"390,757 sq km","1,740 sq km","386,847 sq km",21.0,2.9,38.3,1.99,82.3,8.47,2100.0,15418674.0,5.17,7.3,17.0,203461.0,5600000.0,14257590.0,3427.0,97267.0
