Country,Exchange_Rate_per_USD,Median_Age,Population_Below_Poverty_Line_percent,Population_Growth_Rate,Real_GDP_Growth_Rate_percent,Real_GDP_per_Capita_USD,Total_Literacy_Rate,Total_Population,Unemployment_Rate_percent,Youth_Unemployment_Rate,broadband_fixed_subscriptions_total,electricity_access_percent,internet_users_total,mobile_cellular_subscriptions_total,roadways_km
AFGHANISTAN,76.814,19.5,54.5,2.26,-20.74,1500.0,37.3,39232003.0,13.28,20.2,26570.0,97.0,7020000.0,23000000.0,34903.0
ALBANIA,103.52,34.3,14.3,0.19,8.52,14500.0,98.4,3101621.0,11.82,27.8,508937.0,100.0,2291000.0,2635466.0,3945.0
ALGERIA,135.064,28.9,5.5,1.27,3.5,11000.0,81.4,44758398.0,12.7,31.9,3790459.0,99.0,31240000.0,47028685.0,104000.0
AMERICAN SAMOA,,27.2,,1.74,-1.87,11200.0,,44620.0,29.8,,,59.0,18135.0,2250.0,241.0
ANDORRA,0.845,46.2,20.7,0.11,5.52,37900.0,100.0,85468.0,14.73,36.9,16188502.0,100.0,44180000.0,56805348.0,269.0
ANGOLA,631.442,15.9,32.3,3.34,1.1,5900.0,71.1,35981281.0,8.53,18.5,230610.0,48.0,11550000.0,15327864.0,26000.0
ANGUILLA,2.7,35.7,23.0,1.77,-8.5,12200.0,,19079.0,8.0,,5000.0,100.0,13056.0,26000.0,175.0
ANTIGUA AND BARBUDA,2.7,32.7,,1.13,5.27,19100.0,99.0,101489.0,11.0,,8000.0,100.0,89280.0,180000.0,1170.0
ARGENTINA,94.991,32.4,35.5,0.8,10.4,21500.0,99.0,46621847.0,10.9,29.9,9571562.0,100.0,39150000.0,59065827.0,281290.0
ARMENIA,503.77,36.6,26.4,0.4,5.7,14200.0,99.8,2989091.0,20.9,36.1,430407.0,100.0,2212000.0,3599278.0,7700.0
ARUBA,1.79,39.9,,1.11,17.17,38900.0,97.8,123.0,7.7,,19000.0,100.0,106800.0,140000.0,1000.0
AUSTRALIA,1.331,37.5,,1.19,2.24,49800.0,,26461166.0,5.11,10.8,8470000.0,100.0,22310000.0,28270000.0,873573.0
AUSTRIA,0.845,44.5,13.3,0.31,4.56,54100.0,,8940860.0,6.3,11.4,2606000.0,100.0,8276999.0,10882217.0,137039.0
AZERBAIJAN,1.7,32.6,4.9,0.63,5.6,14400.0,99.8,10420515.0,6.58,16.5,1995474.0,100.0,8600000.0,10817071.0,24981.0
"BAHAMAS, THE",1.0,32.8,9.3,0.8,13.72,30200.0,,358508.0,13.24,30.8,83000.0,100.0,385400.0,466000.0,2700.0
BAHRAIN,0.376,32.9,,0.85,2.23,49400.0,97.5,1553886.0,1.87,9.9,148928.0,100.0,1500000.0,1923443.0,4122.0
BANGLADESH,85.084,27.9,24.3,0.91,6.94,5900.0,74.9,167184465.0,5.23,14.7,10052819.0,98.0,66300000.0,181021227.0,369105.0
BARBADOS,2.0,39.5,,0.24,-0.19,13800.0,99.6,303431.0,10.41,30.6,128000.0,100.0,240800.0,316633.0,1700.0
BELARUS,2.539,40.9,5.0,0.32,2.3,19800.0,99.9,9383853.0,4.74,11.3,3255552.0,100.0,8352000.0,11760087.0,86600.0
BELGIUM,0.845,41.6,14.8,0.55,6.13,51700.0,,11913633.0,6.42,19.6,4734210.0,100.0,10920000.0,11740118.0,118414.0
BELIZE,2.0,23.9,41.0,1.61,15.23,8800.0,,419137.0,8.22,19.3,36000.0,97.0,248000.0,260000.0,3281.0
BENIN,554.608,17.0,38.5,3.31,7.16,3300.0,45.8,14219908.0,1.57,3.9,29981.0,41.0,4420000.0,12731782.0,16000.0
BERMUDA,1.0,43.6,11.0,0.32,5.41,80300.0,,72576.0,7.0,29.3,23000.0,100.0,64000.0,68000.0,447.0
BHUTAN,73.939,29.1,8.2,0.96,4.09,10900.0,70.9,876181.0,4.33,18.8,3189.0,100.0,670800.0,778008.0,12205.0
BOLIVIA,6.91,25.3,37.2,1.06,6.11,8100.0,92.5,12186079.0,8.51,17.4,931918.0,98.0,7920000.0,12033941.0,90568.0
BOSNIA AND HERZEGOVINA,1.654,43.3,16.9,0.23,7.55,15700.0,98.1,3807764.0,15.22,32.9,770424.0,100.0,2508000.0,3728775.0,22926.0
BOTSWANA,11.087,25.7,19.3,1.37,11.37,14800.0,88.5,2417596.0,24.72,41.2,259525.0,73.0,1924000.0,4160553.0,31747.0
BRAZIL,5.394,33.2,4.2,0.64,4.62,14600.0,94.3,218689757.0,14.4,31.9,31500000.0,99.0,140908998.0,207046813.0,2000000.0
BRITISH VIRGIN ISLANDS,,37.2,,1.87,2.0,34200.0,,39369.0,2.9,,6738.0,100.0,24087.0,35000.0,200.0
BRUNEI,1.344,31.1,,1.43,-1.59,60100.0,97.6,484991.0,7.65,23.4,71078.0,100.0,441000.0,603486.0,2976.0
BULGARIA,1.654,43.7,23.8,0.66,7.63,24400.0,98.4,6827736.0,5.42,14.2,2115053.0,99.0,5175000.0,7902756.0,19512.0
BURKINA FASO,554.531,17.9,41.4,2.46,6.91,2200.0,46.0,22489126.0,4.76,7.7,13979.0,18.0,4840000.0,24678315.0,15304.0
BURMA,1.0,29.2,24.8,0.75,-17.91,4000.0,89.1,57970293.0,2.17,6.4,688185.0,72.0,23760000.0,67930093.0,157000.0
BURUNDI,1.0,17.7,64.6,3.59,1.8,700.0,74.7,13162952.0,1.79,3.4,4230.0,10.0,754000.0,7740494.0,12322.0
CABO VERDE,93.218,26.8,35.0,1.19,6.95,6100.0,90.8,603901.0,15.42,34.3,24839.0,95.0,413000.0,590171.0,1350.0
CAMBODIA,4.0,26.4,16.5,1.04,3.03,4400.0,83.9,16891245.0,0.61,1.8,233732.0,82.0,10200000.0,19899790.0,47263.0
CAMEROON,554.531,18.5,37.5,2.73,3.65,3700.0,77.1,30135732.0,3.87,6.6,722579.0,65.0,12420000.0,22442414.0,77589.0
CANADA,1.254,41.8,9.4,0.73,4.54,47900.0,,38516736.0,7.51,14.0,15390000.0,100.0,33950632.0,35960000.0,1042300.0
CAYMAN ISLANDS,,40.5,,1.79,,,98.9,65483.0,,13.8,,,,,
CENTRAL AFRICAN REPUBLIC,554.531,20.0,62.0,1.77,0.9,800.0,37.4,5552228.0,6.57,11.8,499.0,15.0,605000.0,1800000.0,24000.0
CHAD,554.531,16.1,42.3,3.05,-1.2,1400.0,26.8,18523165.0,1.88,2.4,,11.0,3060000.0,10000000.0,40000.0
CHILE,758.955,35.5,8.6,0.63,11.67,25400.0,97.0,18549457.0,9.13,21.4,3763826.0,100.0,17100000.0,26571823.0,77801.0
CHINA,6.73,38.4,1.7,0.18,3.0,12500.0,96.8,1413142846.0,5.2,11.4,483550000.0,100.0,1010740000.0,1750460000.0,4960600.0
CHRISTMAS ISLAND,1.311,,,1.11,,,,2205.0,,,,,1139.0,,142.0
COCOS (KEELING) ISLANDS,1.311,,,,1.0,,,596.0,0.1,,,,,,22.0
COLOMBIA,3.0,31.2,35.7,0.54,10.68,14600.0,95.6,49336454.0,14.34,26.4,7764772.0,99.0,37960000.0,75000000.0,205379.0
COMOROS,415.956,20.9,42.4,1.34,2.11,3200.0,62.0,888378.0,9.45,21.7,1066.0,87.0,221400.0,853449.0,880.0
"CONGO, DEMOCRATIC REPUBLIC OF THE",1.0,16.7,63.0,3.13,6.2,1100.0,80.0,111859928.0,5.43,10.1,31000.0,20.0,21102720.0,47000000.0,152373.0
"CONGO, REPUBLIC OF THE",554.531,19.5,40.9,2.33,-2.2,3200.0,80.6,5677493.0,23.01,42.3,1000.0,49.0,1794390.0,5558658.0,23324.0
COOK ISLANDS,1.416,38.3,,2.31,10.5,15600.0,,7939.0,13.1,,2700.0,,11382.0,17000.0,295.0
COSTA RICA,554.531,20.3,39.5,2.16,7.04,5300.0,89.9,29344847.0,3.47,5.7,260097.0,71.0,12150000.0,44561505.0,81996.0
CROATIA,0.845,43.9,18.3,0.47,13.07,31600.0,99.4,4169239.0,8.68,23.6,1030973.0,100.0,3321000.0,4402213.0,26958.0
CUBA,1.0,42.1,,0.19,1.25,12300.0,99.7,10985974.0,2.76,7.4,231654.0,100.0,7810000.0,7103296.0,60000.0
CURACAO,1.79,36.7,,0.3,4.23,20800.0,,152849.0,13.0,42.2,55000.0,100.0,111956.0,170000.0,550.0
CYPRUS,,37.9,,1.0,,,99.4,1308120.0,,11.8,,,,,
CZECHIA,21.678,43.3,10.1,0.0,3.54,40700.0,99.0,10706242.0,2.89,7.6,3845426.0,100.0,9130000.0,13129905.0,55744.0
DENMARK,6.287,42.0,12.5,0.44,3.8,59700.0,,5946984.0,4.8,10.1,2590282.0,100.0,5841000.0,7287875.0,74558.0
DJIBOUTI,177.721,24.9,21.1,1.93,4.81,4900.0,,976143.0,28.39,79.9,25053.0,65.0,759000.0,489339.0,2893.0
DOMINICA,2.7,34.9,29.0,0.02,6.68,10900.0,,74656.0,23.0,,16000.0,100.0,58320.0,62000.0,1512.0
DOMINICAN REPUBLIC,89.227,24.1,58.5,1.18,-1.8,2900.0,61.7,11470261.0,15.73,35.7,31000.0,47.0,4290000.0,7300000.0,4102.0
ECUADOR,1.0,28.8,25.0,1.1,4.24,10700.0,94.5,17483326.0,6.43,14.2,2371297.0,100.0,13680000.0,16789600.0,43950.0
EGYPT,15.645,24.1,32.5,1.59,3.33,11600.0,73.1,109546720.0,9.33,24.3,9349469.0,100.0,79200000.0,103449427.0,65050.0
EL SALVADOR,1.0,27.7,22.8,0.46,10.28,9100.0,89.1,6602370.0,5.94,13.7,586000.0,97.0,3969000.0,11071073.0,9012.0
EQUATORIAL GUINEA,554.531,20.3,44.0,3.36,-0.95,14600.0,95.3,1737695.0,9.24,18.3,1000.0,66.0,864000.0,650000.0,2880.0
ERITREA,15.075,20.3,50.0,1.08,5.0,1600.0,76.6,6274796.0,8.05,14.6,5000.0,52.0,792000.0,1800000.0,16000.0
ESTONIA,0.845,43.7,21.7,0.74,8.01,38700.0,99.9,1202762.0,6.33,17.1,415610.0,100.0,1183000.0,1980838.0,58412.0
ESWATINI,14.783,23.7,58.9,0.72,7.88,8900.0,88.4,1130043.0,25.76,50.9,12000.0,82.0,708000.0,1400000.0,3769.0
ETHIOPIA,43.734,19.8,23.5,2.42,5.64,2300.0,51.8,116462712.0,3.69,5.7,212000.0,54.0,20400000.0,65000000.0,120171.0
EUROPEAN UNION,0.885,44.0,9.8,0.1,5.39,44100.0,,,7.05,19.5,163772540.0,99.0,389063826.0,540557924.0,4894173.0
FALKLAND ISLANDS (ISLAS MALVINAS),0.7836,,,0.01,25.5,70800.0,,3662.0,1.0,,1000.0,,3762.0,6000.0,440.0
FAROE ISLANDS,6.287,37.2,10.0,0.63,5.9,40000.0,,52600.0,2.2,,18443.0,100.0,51728.0,59000.0,960.0
FIJI,2.071,29.9,29.9,0.42,-5.11,10400.0,99.1,947760.0,5.24,18.1,23062.0,92.0,500000.0,990000.0,3440.0
FINLAND,0.845,42.8,12.2,0.22,2.1,49600.0,,5614571.0,7.53,18.1,1846000.0,100.0,5115000.0,7000000.0,454000.0
FRANCE,0.85,46.3,13.6,0.12,6.8,45900.0,98.6,47222613.0,8.1,36.9,31520000.0,100.0,60421689.0,73830000.0,1053215.0
FRENCH POLYNESIA,100.88,33.3,19.7,0.7,1.02,18600.0,,301488.0,14.39,38.9,64000.0,100.0,218100.0,322918.0,2590.0
GABON,554.531,21.0,33.4,2.39,1.46,13800.0,85.5,2397368.0,22.26,38.4,44607.0,91.0,1656000.0,3144609.0,14300.0
"GAMBIA, THE",51.484,21.8,48.6,2.23,4.27,2100.0,58.1,2468569.0,11.21,15.5,5000.0,63.0,858000.0,27000000.0,2977.0
GAZA STRIP,,18.0,30.0,1.99,7.05,5600.0,97.5,2098389.0,24.9,39.6,376911.0,100.0,3602452.0,4052966.0,
GEORGIA,3.222,38.6,19.5,0.01,10.47,15500.0,99.6,4936390.0,10.66,28.3,986809.0,100.0,2888000.0,5163558.0,20295.0
GERMANY,0.85,47.8,14.8,0.12,1.8,51200.0,,84220184.0,3.0,7.0,37736000.0,100.0,79127551.0,107200000.0,830000.0
GHANA,5.806,21.4,23.4,2.19,5.36,5400.0,79.0,33846114.0,4.7,9.6,78371.0,86.0,22440000.0,40454073.0,65725.0
GIBRALTAR,0.727,35.5,,0.19,,61700.0,,29629.0,1.0,,21009.0,100.0,31152.0,34000.0,29.0
GREECE,0.845,45.3,17.9,0.35,8.43,29500.0,97.9,10497595.0,14.8,36.9,4257026.0,100.0,7800000.0,11494008.0,117000.0
GREENLAND,6.287,34.3,16.2,0.04,0.36,41800.0,100.0,57777.0,9.1,,15649.0,100.0,38920.0,66605.0,
GRENADA,2.7,33.3,38.0,0.29,4.69,13700.0,98.6,114299.0,24.0,,32000.0,93.0,93600.0,100000.0,1127.0
GUAM,,29.4,23.0,0.13,1.06,35600.0,,169330.0,6.98,15.3,3000.0,100.0,136850.0,98000.0,1045.0
GUATEMALA,7.734,23.2,59.3,1.54,7.98,8900.0,83.3,17980803.0,3.57,7.2,612000.0,97.0,9180000.0,22124839.0,17440.0
GUERNSEY,0.7836,44.3,,0.22,0.4,52500.0,,67642.0,7.37,15.8,25336.0,100.0,55069.0,71485.0,260.0
GUINEA,,19.1,,2.75,,,45.3,13607249.0,,8.2,,,,,
GUINEA-BISSAU,554.531,18.0,46.7,2.54,6.06,3500.0,52.9,2078820.0,3.72,12.8,153813.0,67.0,9860000.0,19859981.0,16665.0
GUYANA,208.5,27.5,35.0,0.28,20.06,21900.0,88.8,791739.0,16.42,29.9,95000.0,92.0,680000.0,860000.0,3995.0
HAITI,,24.1,,2.23,,,61.7,11334637.0,,33.2,,,,,
HONDURAS,24.017,24.4,48.3,1.16,12.53,5600.0,88.5,9571352.0,8.51,15.5,396916.0,94.0,4800000.0,7560710.0,14742.0
HONG KONG,,45.6,,0.15,,,,7288167.0,,15.0,,,,,
HUNGARY,303.141,43.6,12.3,0.31,7.12,33600.0,99.1,9670009.0,4.12,13.5,,100.0,8633000.0,10248653.0,203601.0
ICELAND,126.989,37.1,8.8,0.89,4.4,53600.0,,360872.0,5.4,13.4,141816.0,100.0,370000.0,437270.0,12898.0
INDIA,73.918,28.7,21.9,0.7,8.68,6600.0,74.4,1399179585.0,5.98,28.3,23000000.0,99.0,560000000.0,1166310000.0,6371847.0
INDONESIA,14.0,31.1,9.4,0.76,3.69,11900.0,96.0,279476346.0,4.41,16.1,11722218.0,99.0,167400000.0,365872608.0,496607.0
IRAN,42.0,31.7,18.7,0.93,4.72,15000.0,88.7,87590873.0,11.46,27.2,9564195.0,100.0,69520000.0,135899424.0,223485.0
IRAQ,1.0,21.2,23.0,1.94,2.78,9000.0,85.6,41266109.0,14.19,27.2,6254099.0,100.0,21560000.0,37649112.0,59623.0
IRELAND,0.845,37.8,13.1,0.91,13.59,102500.0,,5323991.0,6.63,17.4,1516473.0,100.0,4750000.0,5373865.0,99830.0
ISLE OF MAN,0.727,44.6,,0.48,0.25,84600.0,,91840.0,1.1,10.1,,100.0,,,1107.0
ISRAEL,3.23,30.4,22.0,1.43,8.61,42100.0,97.8,9043387.0,5.05,8.8,2602079.0,100.0,8010000.0,12500000.0,20391.0
ITALY,0.845,46.5,20.1,0.11,6.74,41900.0,99.2,61021855.0,9.83,30.9,18128787.0,100.0,44250000.0,78114933.0,487700.0
JAMAICA,150.79,29.4,17.1,0.09,4.6,9600.0,88.7,2820982.0,9.18,26.1,385603.0,100.0,2296000.0,2905408.0,22121.0
JAPAN,110.2,48.6,15.7,0.41,1.0,39300.0,,123719238.0,2.6,4.4,43730000.0,100.0,116565962.0,204700000.0,1218772.0
JERSEY,0.7836,37.5,,0.61,1.0,56600.0,,102785.0,7.37,15.8,39699.0,100.0,96038.0,124083.0,576.0
JORDAN,0.71,23.5,15.7,0.79,2.23,9200.0,98.4,11086716.0,19.25,40.5,630545.0,99.0,9130000.0,7275563.0,7203.0
KAZAKHSTAN,425.908,31.6,4.3,0.73,4.3,26100.0,99.8,19543464.0,4.9,3.7,2620400.0,100.0,17290000.0,24323000.0,96167.0
KENYA,109.638,20.0,36.1,2.09,7.52,4700.0,82.6,57052004.0,5.74,13.8,674191.0,76.0,15370000.0,65085720.0,161452.0
KIRIBATI,1.331,25.7,,1.02,1.5,1900.0,,115372.0,30.6,22.5,185.0,92.0,70200.0,54527.0,670.0
"KOREA, NORTH",135.0,34.6,,0.44,-1.1,1700.0,100.0,26072217.0,2.59,6.1,,52.0,,6000000.0,25554.0
"KOREA, SOUTH",1.0,43.2,14.4,0.23,4.15,44200.0,,51966948.0,3.53,7.8,22327182.0,100.0,50960000.0,72855492.0,100428.0
KOSOVO,0.845,,17.6,,10.75,11900.0,,1964327.0,30.5,48.8,,100.0,1756300.0,1777859.0,2012.0
KUWAIT,0.302,29.7,,1.13,-8.86,43900.0,96.5,3103580.0,3.71,25.5,73948.0,100.0,4300000.0,6918180.0,5749.0
KYRGYZSTAN,84.641,27.3,20.1,0.82,3.61,4800.0,99.6,6122781.0,9.1,19.3,289000.0,99.0,5070000.0,8500000.0,34000.0
LAOS,9.0,24.0,18.3,1.3,2.53,7800.0,87.1,7852377.0,1.26,3.3,128000.0,100.0,4588000.0,4822973.0,39586.0
LATVIA,0.845,44.4,22.9,1.13,4.07,32100.0,99.9,1821750.0,7.6,15.5,490569.0,100.0,1729000.0,2161725.0,70244.0
LEBANON,1.0,33.7,27.4,0.64,-7.0,13000.0,95.1,5331203.0,14.49,29.6,432070.0,100.0,4872000.0,4300000.0,21705.0
LESOTHO,14.779,24.7,49.7,0.76,1.35,2300.0,81.0,2210646.0,24.6,37.4,5060.0,50.0,1104000.0,1821374.0,5940.0
LIBERIA,191.518,18.0,50.9,2.71,4.99,1400.0,48.3,5506280.0,4.09,3.2,13000.0,29.0,1768000.0,1700000.0,10600.0
LIBYA,4.514,25.8,,1.54,31.37,22000.0,91.0,7252573.0,19.58,50.5,332000.0,70.0,3095400.0,2900000.0,37000.0
LIECHTENSTEIN,0.914,43.7,16.0,0.7,4.22,71000.0,,39993.0,5.32,9.1,4028238.0,100.0,8352000.0,11060700.0,71557.0
LITHUANIA,0.845,44.5,20.6,1.04,5.98,39300.0,99.8,2655755.0,7.9,19.0,796814.0,100.0,2436000.0,3726653.0,84166.0
LUXEMBOURG,0.845,39.5,17.5,1.58,5.1,115700.0,,660924.0,5.23,15.2,235155.0,100.0,633600.0,880000.0,2875.0
MACAU,8.006,40.8,,0.71,19.27,64800.0,97.1,639971.0,3.01,9.2,208000.0,100.0,607200.0,2800000.0,428.0
MADAGASCAR,3.0,20.3,70.7,2.22,4.4,1500.0,77.3,28812195.0,2.59,4.8,32000.0,35.0,5800000.0,16279633.0,31640.0
MALAWI,749.527,16.8,51.5,2.28,2.75,1500.0,67.3,21279597.0,7.02,9.9,12255.0,14.0,4800000.0,11940135.0,15452.0
MALAYSIA,4.143,29.2,5.6,1.01,3.09,26300.0,95.0,34219975.0,4.61,15.6,3358800.0,100.0,32979999.0,47201700.0,144403.0
MALDIVES,15.373,29.5,8.2,0.17,41.75,18800.0,97.9,389568.0,6.08,17.7,63685.0,100.0,447200.0,706043.0,93.0
MALI,554.531,16.0,42.1,2.93,3.05,2100.0,35.5,21359722.0,7.72,17.3,243806.0,53.0,7480000.0,21882251.0,139107.0
MALTA,0.845,42.3,17.1,0.59,10.3,44700.0,94.9,467138.0,3.5,9.8,213419.0,100.0,461100.0,644955.0,3096.0
MARSHALL ISLANDS,,23.8,,1.3,1.11,6000.0,98.3,80966.0,36.0,26.0,1000.0,99.0,16254.0,16000.0,2028.0
MAURITANIA,36.063,21.0,31.0,1.96,2.45,5300.0,67.0,4244878.0,11.46,23.0,18457.0,47.0,2714000.0,6512361.0,12253.0
MAURITIUS,,36.3,,0.09,,,92.2,1309448.0,,25.3,,,,,
MEXICO,20.272,29.3,41.9,0.61,4.72,19100.0,95.2,129875529.0,4.38,8.1,21936131.0,100.0,98800000.0,123920752.0,704884.0
"MICRONESIA, FEDERATED STATES OF",1.0,26.3,41.2,0.7,-3.19,3300.0,,100319.0,16.2,18.9,6000.0,83.0,44000.0,22000.0,
MOLDOVA,17.68,37.7,7.3,1.14,13.94,14000.0,99.6,3250532.0,3.96,8.6,719001.0,100.0,1891000.0,3900179.0,9352.0
MONACO,0.885,55.4,,0.66,21.55,115700.0,,31597.0,2.0,26.6,20877.0,100.0,31820.0,36255.0,
MONGOLIA,2.0,29.8,28.4,0.83,1.64,11700.0,99.2,3255468.0,7.08,21.0,307166.0,100.0,2772000.0,4687304.0,113200.0
MONTENEGRO,0.845,39.6,24.5,0.43,12.43,20600.0,99.0,602445.0,18.49,31.6,184176.0,99.0,516600.0,1120074.0,7762.0
MONTSERRAT,,34.8,,0.46,,,,5440.0,,,,,,,
MOROCCO,8.988,29.1,4.8,0.88,7.93,8100.0,75.9,37067420.0,11.47,27.2,2102434.0,100.0,32560000.0,52012000.0,57300.0
MOZAMBIQUE,65.465,17.0,46.1,2.55,2.36,1200.0,63.4,32513805.0,3.98,8.1,70000.0,31.0,5440000.0,13686234.0,31083.0
NAMIBIA,,22.5,,1.83,,,91.5,2727409.0,,43.4,,,,,
NAURU,1.331,27.0,,0.42,1.5,11900.0,,9852.0,23.0,26.6,950.0,100.0,10920.0,10000.0,30.0
NEPAL,118.134,25.3,25.2,0.74,4.25,3800.0,71.2,30899443.0,5.05,9.5,1270000.0,89.0,15600000.0,38000000.0,27990.0
NETHERLANDS,0.845,42.8,13.6,0.36,4.86,56600.0,,17463930.0,4.01,9.6,7525016.0,100.0,16559999.0,21888000.0,139124.0
NEW CALEDONIA,100.88,32.9,17.0,1.17,2.0,35700.0,96.9,300682.0,16.57,41.0,55000.0,100.0,237800.0,260000.0,5622.0
NEW ZEALAND,,37.2,,0.92,,,99.0,5223100.0,,9.2,,,,,
NICARAGUA,35.171,27.3,24.9,0.91,10.34,5600.0,82.6,6359689.0,5.96,11.6,290351.0,86.0,3933000.0,6233864.0,23897.0
NIGER,554.531,14.8,40.8,3.66,1.39,1200.0,37.3,25396840.0,0.75,1.0,12000.0,18.0,5500000.0,14000000.0,18949.0
NIGERIA,358.811,18.6,40.1,2.53,3.65,4900.0,62.0,230842743.0,9.79,19.6,65313.0,59.0,115500000.0,195128265.0,195000.0
NIUE,1.416,,,0.03,6.2,11100.0,,2000.0,12.0,,,,1512.0,,234.0
NORFOLK ISLAND,1.311,,,0.01,,,,1748.0,,,,,806.0,,80.0
NORTH MACEDONIA,52.102,39.0,21.6,0.11,3.96,16500.0,98.4,2133410.0,16.2,34.1,475569.0,100.0,1743000.0,1941352.0,14182.0
NORTHERN MARIANA ISLANDS,,32.8,,0.35,-11.14,24500.0,,51295.0,11.2,,,100.0,12299.0,20474.0,536.0
NORWAY,8.59,39.5,12.7,0.79,3.3,67500.0,,5597924.0,4.99,13.0,2387661.0,100.0,5346000.0,5800000.0,94902.0
OMAN,0.385,26.2,,1.8,3.09,34300.0,95.7,3833465.0,3.12,14.6,508949.0,100.0,4320000.0,6115537.0,60230.0
PAKISTAN,162.906,22.0,24.3,1.91,6.49,5200.0,58.0,247653551.0,4.35,9.4,2523027.0,94.0,48300000.0,188711452.0,264175.0
PALAU,1.0,33.9,24.9,0.39,-13.33,13800.0,96.6,21779.0,1.7,5.6,1224.0,100.0,6696.0,24000.0,125.0
PANAMA,1.0,30.1,22.1,1.51,15.34,29000.0,95.7,4404108.0,12.09,30.0,562413.0,95.0,2992000.0,6003255.0,
PAPUA NEW GUINEA,3.509,24.0,37.0,2.31,0.3,3700.0,64.2,9819350.0,2.75,5.3,21000.0,20.0,3168000.0,4800000.0,9349.0
PARAGUAY,6.0,29.7,23.5,1.12,4.1,13700.0,94.5,7439863.0,7.21,16.3,562369.0,100.0,5159000.0,7975074.0,78811.0
PERU,3.881,29.1,20.2,0.5,13.35,12500.0,94.5,32440172.0,4.83,11.2,3044000.0,95.0,24140000.0,43129394.0,18699.0
PHILIPPINES,49.255,25.7,16.7,1.58,5.7,8100.0,96.3,109035343.0,2.41,7.3,7936574.0,97.0,58300000.0,163345244.0,
PITCAIRN ISLANDS,1.416,,,0.0,,,,50.0,,,,,,,
POLAND,3.862,41.9,15.4,0.28,6.85,34900.0,99.8,37991766.0,3.37,13.4,8369218.0,100.0,32299999.0,50588785.0,420000.0
PORTUGAL,0.845,44.6,17.2,0.17,5.48,33700.0,95.9,10223150.0,6.65,23.1,4160795.0,100.0,8199999.0,12476165.0,82900.0
PUERTO RICO,,43.6,,1.29,0.21,32600.0,92.4,3057311.0,8.27,18.5,671284.0,100.0,2564100.0,3661176.0,26862.0
QATAR,3.64,33.7,,0.86,1.59,92900.0,93.5,2532104.0,0.26,1.1,296126.0,100.0,2700000.0,3876499.0,7039.0
ROMANIA,4.16,42.5,23.8,1.01,5.1,30800.0,98.9,18326327.0,5.17,20.6,5684782.0,100.0,15960000.0,22929000.0,84185.0
RUSSIA,73.654,40.3,12.6,0.24,4.75,28000.0,99.7,141698923.0,5.01,16.9,33893305.0,100.0,132000000.0,250000000.0,1283387.0
RWANDA,988.625,19.7,38.2,1.68,10.88,2200.0,75.9,13400541.0,1.61,2.9,17685.0,48.0,3900000.0,10902989.0,4700.0
SAINT BARTHELEMY,0.885,47.0,,0.11,,,,7093.0,,,,100.0,7077.0,,40.0
"SAINT HELENA, ASCENSION, AND TRISTAN DA CUNHA",0.7836,44.7,,0.11,,7800.0,,7935.0,14.0,,1000.0,100.0,2287.0,4000.0,198.0
SAINT KITTS AND NEVIS,2.7,38.1,,0.59,-0.88,26500.0,,54817.0,4.5,,30000.0,100.0,37920.0,57000.0,383.0
SAINT LUCIA,2.7,39.0,25.0,0.27,12.23,13000.0,,167591.0,16.91,38.7,33000.0,100.0,140400.0,170000.0,1210.0
SAINT MARTIN,0.885,34.0,,0.31,,19300.0,,32897.0,,,,100.0,19284.0,68840.0,
SAINT PIERRE AND MIQUELON,0.885,50.6,,1.19,,46200.0,,5195.0,8.7,,,,5099.0,,117.0
SAINT VINCENT AND THE GRENADINES,2.7,37.0,,0.16,1.35,13700.0,,100804.0,21.62,41.1,24733.0,100.0,85000.0,114892.0,
SAMOA,2.556,26.9,20.3,0.65,-7.08,5500.0,99.1,207501.0,9.84,19.7,1692.0,98.0,171600.0,69000.0,1150.0
SAN MARINO,0.845,45.9,,0.59,-6.65,56400.0,99.9,34892.0,8.1,27.4,11000.0,100.0,25500.0,40000.0,292.0
SAO TOME AND PRINCIPE,21.507,20.4,66.7,1.45,1.88,4100.0,94.8,220372.0,15.91,22.9,2512.0,78.0,112200.0,189239.0,1300.0
SAUDI ARABIA,3.75,32.0,,1.65,3.24,44300.0,97.6,35939806.0,7.36,28.8,7890261.0,100.0,36000000.0,45427321.0,221372.0
SENEGAL,9.0,19.0,43.7,2.52,3.9,2600.0,56.3,18384660.0,6.34,8.2,1000.0,46.0,4900000.0,13795000.0,44301.0
SERBIA,99.396,43.7,23.2,0.63,7.55,19800.0,99.5,6693375.0,11.81,30.4,1730496.0,100.0,5589000.0,8501519.0,44248.0
SEYCHELLES,16.921,38.2,25.3,0.6,7.86,28800.0,95.9,97617.0,3.0,16.5,34966.0,100.0,90200.0,184161.0,526.0
SIERRA LEONE,10.0,19.2,56.8,2.41,4.1,1600.0,47.7,8908040.0,5.33,10.8,,27.0,1047499.0,8227093.0,11701.0
SINGAPORE,1.343,38.9,,0.9,7.61,106000.0,97.5,5975383.0,3.62,9.1,1509700.0,100.0,5369000.0,8660700.0,3500.0
SINT MAARTEN,1.79,41.1,,1.19,-6.6,35300.0,,45677.0,12.0,,,100.0,39089.0,68840.0,53.0
SLOVAKIA,0.845,42.5,11.9,0.13,3.01,31900.0,,5425319.0,6.74,21.5,1701561.0,100.0,4806000.0,7362325.0,56926.0
SLOVENIA,0.845,45.9,12.0,0.08,8.21,40000.0,99.7,2099790.0,4.42,13.9,651604.0,100.0,1869000.0,2607268.0,38985.0
SOLOMON ISLANDS,8.03,24.8,12.7,1.69,-0.2,2400.0,,714766.0,1.03,1.9,1000.0,76.0,255600.0,470000.0,1390.0
SOMALIA,23.0,19.0,,2.49,4.05,1100.0,,12693796.0,19.86,34.7,119000.0,49.0,2465000.0,8844000.0,15000.0
SOUTH AFRICA,14.779,30.1,55.5,1.08,4.91,13300.0,95.0,58048332.0,33.56,64.2,1303057.0,89.0,42480000.0,100328005.0,750000.0
SOUTH SUDAN,306.355,18.7,76.4,4.78,-5.2,1600.0,34.5,12118379.0,13.91,21.0,200.0,7.0,869000.0,3300000.0,90200.0
SPAIN,2.7,46.3,,0.12,7.4,34000.0,98.6,47222613.0,5.6,33.9,2700.0,100.0,2473.0,5000.0,683175.0
SRI LANKA,198.764,33.9,4.1,0.56,3.33,13400.0,92.3,23326272.0,5.39,26.1,1781530.0,100.0,14740000.0,30764134.0,114093.0
SUDAN,53.996,19.1,46.5,2.55,-1.87,3700.0,60.7,49197555.0,19.81,35.6,28782.0,61.0,13248000.0,16688773.0,31000.0
SURINAME,18.239,31.6,70.0,1.11,-2.73,14800.0,95.0,639759.0,10.06,30.5,92270.0,98.0,402600.0,906170.0,4304.0
SVALBARD,8.308,,,0.03,,,,2926.0,,,,,,,40.0
SWEDEN,8.577,41.0,17.1,0.51,2.6,54800.0,,10536338.0,8.66,24.5,4179574.0,100.0,8800000.0,12843683.0,573134.0
SWITZERLAND,,44.0,,0.78,,,,8563760.0,,9.1,,,,,
SYRIA,514.6,23.9,82.5,6.39,-3.87,2900.0,86.4,22933531.0,10.57,26.2,1549356.0,88.0,8492468.0,16990714.0,69873.0
TAIWAN,28.211,44.0,1.5,0.03,2.71,47800.0,98.5,23588613.0,3.73,,5831470.0,,21600000.0,30000000.0,43206.0
TAJIKISTAN,11.309,22.7,26.3,1.94,9.2,3900.0,99.8,9245937.0,7.75,17.4,6000.0,99.0,3009054.0,12000000.0,30000.0
TANZANIA,2.0,18.9,26.4,2.75,4.28,2600.0,81.8,65642682.0,2.65,4.6,1135608.0,42.0,20480000.0,54000000.0,145203.0
THAILAND,31.977,41.0,9.9,0.2,1.53,17100.0,94.1,69794997.0,1.42,7.0,11478265.0,100.0,61200000.0,120000000.0,180053.0
TIMOR-LESTE,1.0,20.3,41.8,2.1,5.29,5000.0,68.1,1476042.0,5.07,13.8,75.0,100.0,507000.0,1400000.0,6040.0
TOGO,554.531,20.5,55.1,2.45,5.26,2100.0,66.5,8703961.0,4.0,9.7,52706.0,55.0,3010000.0,6300000.0,9951.0
TOKELAU,1.543,,,0.01,,6004.0,,1647.0,2.0,,,,800.0,,10.0
TONGA,2.265,25.4,22.5,0.3,-2.67,6100.0,99.4,105221.0,3.97,11.1,5000.0,100.0,73700.0,64000.0,680.0
TRINIDAD AND TOBAGO,6.759,38.0,20.0,0.12,-1.03,23000.0,99.0,1407460.0,4.8,12.7,376771.0,100.0,1185000.0,2000000.0,
TUNISIA,2.794,34.0,15.2,0.63,4.32,10400.0,82.7,11976182.0,16.82,38.3,1334059.0,99.0,9480000.0,16000000.0,
TURKEY (TURKIYE),8.85,33.6,14.4,0.64,11.35,31500.0,96.7,83593483.0,13.39,24.3,16734853.0,100.0,68850000.0,86000000.0,67333.0
TURKMENISTAN,4.125,30.7,0.2,0.95,6.3,15000.0,99.7,5690818.0,5.08,11.0,10000.0,100.0,1563023.0,6300000.0,58592.0
TURKS AND CAICOS ISLANDS,,35.9,,1.81,2.1,18500.0,,59367.0,10.0,,,100.0,37008.0,25085.0,121.0
TUVALU,1.311,27.5,26.3,0.81,2.99,4900.0,,11639.0,,20.6,450.0,99.0,7920.0,9000.0,8.0
UGANDA,3.0,16.1,21.4,3.22,3.54,2200.0,79.0,47729952.0,2.94,4.3,58594.0,45.0,4600000.0,30000000.0,20544.0
UKRAINE,27.286,45.3,1.1,2.33,3.4,10700.0,100.0,43306477.0,8.88,16.5,7769401.0,100.0,34596356.0,56000000.0,169694.0
UNITED ARAB EMIRATES,3.673,35.7,19.5,0.58,3.92,69700.0,98.1,9973449.0,3.36,10.7,3245123.0,100.0,9400000.0,18000000.0,4080.0
UNITED KINGDOM,0.73,40.6,,0.49,4.1,46200.0,,68138484.0,4.5,13.2,27050000.0,100.0,65001016.0,80220000.0,394428.0
UNITED STATES,1.0,38.5,15.1,0.68,5.95,63700.0,,339665118.0,3.9,9.6,119870000.0,100.0,311870000.0,496800000.0,6586610.0
URUGUAY,43.555,36.2,8.8,0.27,4.37,22800.0,98.8,3416264.0,10.45,32.9,1063701.0,100.0,3060000.0,4700000.0,77732.0
UZBEKISTAN,10.0,28.7,14.1,1.61,7.42,7700.0,100.0,31360836.0,7.16,16.0,4820009.0,99.0,26180000.0,35000000.0,86496.0
VANUATU,109.453,24.2,,1.59,0.45,2800.0,89.1,313046.0,2.18,5.4,2785.0,70.0,211200.0,250000.0,1070.0
VENEZUELA,9.975,30.8,33.1,2.4,-19.67,7704.0,97.5,30518260.0,6.41,14.9,2561556.0,99.0,22734162.0,17000000.0,96189.0
VIETNAM,23.0,32.7,6.7,0.93,2.56,10600.0,95.8,104799174.0,2.17,7.2,16699249.0,100.0,71780000.0,140000000.0,195468.0
VIRGIN ISLANDS,,42.7,28.9,0.49,-2.15,37000.0,,104917.0,13.27,27.0,,100.0,67508.0,80000.0,1260.0
WALLIS AND FUTUNA,110.2,35.8,,0.23,,3800.0,,15929.0,8.8,,,,5496.0,0.0,
WEST BANK,3.606,21.7,18.0,2.1,7.05,5600.0,97.5,3176549.0,24.9,39.6,373050.0,100.0,3938199.0,4052966.0,4686.0
WORLD,,31.0,,1.03,5.87,17000.0,86.7,7979261010.0,6.18,17.9,1.0,91.0,,8.0,
YEMEN,1.0,21.6,48.6,1.83,-5.9,2500.0,70.1,31565602.0,13.57,25.5,391000.0,74.0,8229624.0,15000000.0,71300.0
ZAMBIA,20.018,18.2,54.4,2.86,4.6,3200.0,86.7,20216029.0,13.03,26.1,82317.0,46.0,3990000.0,20000000.0,67671.0
ZIMBABWE,88.552,21.0,38.3,1.99,8.47,2100.0,89.7,15418674.0,5.17,7.3,203461.0,48.0,5600000.0,14257590.0,97267.0
