Country,Female_Literacy_Rate,Male_Literacy_Rate,Median_Age,Population_Growth_Rate,Public_Debt_percent_of_GDP,Real_GDP_Growth_Rate_percent,Real_GDP_per_Capita_USD,Total_Literacy_Rate,Total_Population,Unemployment_Rate_percent,Youth_Unemployment_Rate,broadband_fixed_subscriptions_total,electricity_access_percent,electricity_generating_capacity_kW,internet_country_code,internet_users_total,mobile_cellular_subscriptions_total,telephone_fixed_subscriptions_total
AFGHANISTAN,7.2,39.4,19.5,2.26,7.0,-20.74,1500.0,37.3,39232003.0,13.28,20.2,26570.0,97.0,776000.0,.af,7020000.0,23000000.0,150000.0
ALBANIA,6.0,38.8,34.3,0.19,84.06,8.52,14500.0,98.4,3101621.0,11.82,27.8,508937.0,100.0,2531000.0,.al,2291000.0,2635466.0,197690.0
ALGERIA,0.7,41.3,28.9,1.27,27.5,3.5,11000.0,81.4,44758398.0,12.7,31.9,3790459.0,99.0,21694000.0,.dz,31240000.0,47028685.0,5097095.0
AMERICAN SAMOA,,,27.2,1.74,12.2,-1.87,11200.0,,44620.0,29.8,,,59.0,47000.0,.as,18135.0,2250.0,10000.0
ANDORRA,28.3,35.3,46.2,0.11,141.22,5.52,37900.0,100.0,85468.0,14.73,36.9,16188502.0,100.0,115837000.0,.es,44180000.0,56805348.0,19075931.0
ANGOLA,62.4,82.6,15.9,3.34,65.0,1.1,5900.0,71.1,35981281.0,8.53,18.5,230610.0,48.0,7344000.0,.ao,11550000.0,15327864.0,119826.0
ANGUILLA,,,35.7,1.77,20.1,-8.5,12200.0,,19079.0,8.0,,5000.0,100.0,,.ai,13056.0,26000.0,6000.0
ANTIGUA AND BARBUDA,99.4,98.4,32.7,1.13,86.8,5.27,19100.0,99.0,101489.0,11.0,,8000.0,100.0,117000.0,.ag,89280.0,180000.0,27000.0
ARGENTINA,19.6,29.4,32.4,0.8,57.6,10.4,21500.0,99.0,46621847.0,10.9,29.9,9571562.0,100.0,44731000.0,.ar,39150000.0,59065827.0,6903068.0
ARMENIA,1.5,49.4,36.6,0.4,63.4,5.7,14200.0,99.8,2989091.0,20.9,36.1,430407.0,100.0,3633000.0,.am,2212000.0,3599278.0,418122.0
ARUBA,97.8,97.8,39.9,1.11,86.0,17.17,38900.0,97.8,123.0,7.7,,19000.0,100.0,296000.0,.aw,106800.0,140000.0,35000.0
AUSTRALIA,11.5,15.6,37.5,1.19,69.41,2.24,49800.0,,26461166.0,5.11,10.8,8470000.0,100.0,82517000.0,.au,22310000.0,28270000.0,7180000.0
AUSTRIA,25.0,27.7,44.5,0.31,99.91,4.56,54100.0,,8940860.0,6.3,11.4,2606000.0,100.0,28376000.0,.at,8276999.0,10882217.0,3808709.0
AZERBAIJAN,0.1,47.9,32.6,0.63,54.1,5.6,14400.0,99.8,10420515.0,6.58,16.5,1995474.0,100.0,7677000.0,.az,8600000.0,10817071.0,1644300.0
"BAHAMAS, THE",2.4,18.8,32.8,0.8,84.45,13.72,30200.0,,358508.0,13.24,30.8,83000.0,100.0,578000.0,.bs,385400.0,466000.0,91000.0
BAHRAIN,4.5,25.3,32.9,0.85,88.5,2.23,49400.0,97.5,1553886.0,1.87,9.9,148928.0,100.0,6982000.0,.bh,1500000.0,1923443.0,266741.0
BANGLADESH,17.1,52.2,27.9,0.91,33.1,6.94,5900.0,74.9,167184465.0,5.23,14.7,10052819.0,98.0,18461000.0,.bd,66300000.0,181021227.0,587476.0
BARBADOS,1.9,15.0,39.5,0.24,146.93,-0.19,13800.0,99.6,303431.0,10.41,30.6,128000.0,100.0,311000.0,.bb,240800.0,316633.0,120980.0
BELARUS,13.5,47.4,40.9,0.32,33.24,2.3,19800.0,99.9,9383853.0,4.74,11.3,3255552.0,100.0,11360000.0,.by,8352000.0,11760087.0,4332754.0
BELGIUM,21.0,25.8,41.6,0.55,119.43,6.13,51700.0,,11913633.0,6.42,19.6,4734210.0,100.0,26929000.0,.be,10920000.0,11740118.0,3293420.0
BELIZE,1.8,15.1,23.9,1.61,99.0,15.23,8800.0,,419137.0,8.22,19.3,36000.0,97.0,204000.0,.bz,248000.0,260000.0,19000.0
BENIN,1.9,11.8,17.0,3.31,54.6,7.16,3300.0,45.8,14219908.0,1.57,3.9,29981.0,41.0,475000.0,.bj,4420000.0,12731782.0,11493.0
BERMUDA,29.0,29.7,43.6,0.32,43.0,5.41,80300.0,,72576.0,7.0,29.3,23000.0,100.0,172000.0,.bm,64000.0,68000.0,25000.0
BHUTAN,62.8,77.9,29.1,0.96,117.33,4.09,10900.0,70.9,876181.0,4.33,18.8,3189.0,100.0,2334000.0,.bt,670800.0,778008.0,19680.0
BOLIVIA,4.8,20.5,25.3,1.06,49.0,6.11,8100.0,92.5,12186079.0,8.51,17.4,931918.0,98.0,3834000.0,.bo,7920000.0,12033941.0,539481.0
BOSNIA AND HERZEGOVINA,28.0,42.0,43.3,0.23,46.05,7.55,15700.0,98.1,3807764.0,15.22,32.9,770424.0,100.0,4775000.0,.ba,2508000.0,3728775.0,689295.0
BOTSWANA,8.3,30.4,25.7,1.37,19.66,11.37,14800.0,88.5,2417596.0,24.72,41.2,259525.0,73.0,766000.0,.bw,1924000.0,4160553.0,132457.0
BRAZIL,9.4,16.2,33.2,0.64,100.59,4.62,14600.0,94.3,218689757.0,14.4,31.9,31500000.0,99.0,195037000.0,.br,140908998.0,207046813.0,33700000.0
BRITISH VIRGIN ISLANDS,,,37.2,1.87,,2.0,34200.0,,39369.0,2.9,,6738.0,100.0,33000.0,.vg,24087.0,35000.0,7000.0
BRUNEI,2.3,30.0,31.1,1.43,2.8,-1.59,60100.0,97.6,484991.0,7.65,23.4,71078.0,100.0,1261000.0,.bn,441000.0,603486.0,112298.0
BULGARIA,37.1,40.9,43.7,0.66,32.24,7.63,24400.0,98.4,6827736.0,5.42,14.2,2115053.0,99.0,11097000.0,.bg,5175000.0,7902756.0,787637.0
BURKINA FASO,6.4,22.1,17.9,2.46,72.53,6.91,2200.0,46.0,22489126.0,4.76,7.7,13979.0,18.0,392000.0,.bf,4840000.0,24678315.0,81374.0
BURMA,19.7,68.5,29.2,0.75,33.6,-17.91,4000.0,89.1,57970293.0,2.17,6.4,688185.0,72.0,7247000.0,.mm,23760000.0,67930093.0,522141.0
BURUNDI,6.1,17.4,17.7,3.59,51.7,1.8,700.0,74.7,13162952.0,1.79,3.4,4230.0,10.0,100000.0,.bi,754000.0,7740494.0,15976.0
CABO VERDE,5.4,17.3,26.8,1.19,125.8,6.95,6100.0,90.8,603901.0,15.42,34.3,24839.0,95.0,205000.0,.cv,413000.0,590171.0,53586.0
CAMBODIA,6.0,36.1,26.4,1.04,30.4,3.03,4400.0,83.9,16891245.0,0.61,1.8,233732.0,82.0,2954000.0,.kh,10200000.0,19899790.0,40296.0
CAMEROON,1.4,13.2,18.5,2.73,36.9,3.65,3700.0,77.1,30135732.0,3.87,6.6,722579.0,65.0,1754000.0,.cm,12420000.0,22442414.0,739572.0
CANADA,10.7,15.3,41.8,0.73,72.09,4.54,47900.0,,38516736.0,7.51,14.0,15390000.0,100.0,153251000.0,.ca,33950632.0,35960000.0,13470000.0
CAYMAN ISLANDS,99.0,98.7,40.5,1.79,,,,98.9,65483.0,,13.8,,,,,,,
CENTRAL AFRICAN REPUBLIC,25.8,49.5,20.0,1.77,52.9,0.9,800.0,37.4,5552228.0,6.57,11.8,499.0,15.0,38000.0,.cf,605000.0,1800000.0,2000.0
CHAD,2.7,13.8,16.1,3.05,52.5,-1.2,1400.0,26.8,18523165.0,1.88,2.4,,11.0,87000.0,.td,3060000.0,10000000.0,5300.0
CHILE,26.8,31.6,35.5,0.63,23.6,11.67,25400.0,97.0,18549457.0,9.13,21.4,3763826.0,100.0,29808000.0,.cl,17100000.0,26571823.0,2510972.0
CHINA,1.7,49.4,38.4,0.18,76.9,3.0,12500.0,96.8,1413142846.0,5.2,11.4,483550000.0,100.0,2380000000.0,.cn,1010740000.0,1750460000.0,182835000.0
CHRISTMAS ISLAND,,,,1.11,,,,,2205.0,,,,,,.cx,1139.0,,
COCOS (KEELING) ISLANDS,,,,,,1.0,,,596.0,0.1,,,,,.cc,,,
COLOMBIA,4.6,12.4,31.2,0.54,90.4,10.68,14600.0,95.6,49336454.0,14.34,26.4,7764772.0,99.0,19769000.0,.co,37960000.0,75000000.0,7600000.0
COMOROS,11.1,29.5,20.9,1.34,32.4,2.11,3200.0,62.0,888378.0,9.45,21.7,1066.0,87.0,35000.0,.km,221400.0,853449.0,7431.0
"CONGO, DEMOCRATIC REPUBLIC OF THE",2.9,22.7,16.7,3.13,18.1,6.2,1100.0,80.0,111859928.0,5.43,10.1,31000.0,20.0,2919000.0,.cd,21102720.0,47000000.0,47.0
"CONGO, REPUBLIC OF THE",2.1,26.8,19.5,2.33,130.8,-2.2,3200.0,80.6,5677493.0,23.01,42.3,1000.0,49.0,629000.0,.cg,1794390.0,5558658.0,17000.0
COOK ISLANDS,20.3,27.7,38.3,2.31,,10.5,15600.0,,7939.0,13.1,,2700.0,,18000.0,.ck,11382.0,17000.0,7000.0
COSTA RICA,0.9,17.9,20.3,2.16,47.0,7.04,5300.0,89.9,29344847.0,3.47,5.7,260097.0,71.0,2197000.0,.ci,12150000.0,44561505.0,265513.0
CROATIA,36.1,37.6,43.9,0.47,104.89,13.07,31600.0,99.4,4169239.0,8.68,23.6,1030973.0,100.0,4940000.0,.hr,3321000.0,4402213.0,1268941.0
CUBA,10.3,25.5,42.1,0.19,47.7,1.25,12300.0,99.7,10985974.0,2.76,7.4,231654.0,100.0,7479000.0,.cu,7810000.0,7103296.0,1539269.0
CURACAO,47.1,38.1,36.7,0.3,33.2,4.23,20800.0,,152849.0,13.0,42.2,55000.0,100.0,,.cw,111956.0,170000.0,53000.0
CYPRUS,23.2,47.0,37.9,1.0,,,,99.4,1308120.0,,11.8,,,,,,,
CZECHIA,26.4,35.0,43.3,0.0,34.7,3.54,40700.0,99.0,10706242.0,2.89,7.6,3845426.0,100.0,22485000.0,.cz,9130000.0,13129905.0,1294806.0
DENMARK,17.1,17.8,42.0,0.44,35.3,3.8,59700.0,,5946984.0,4.8,10.1,2590282.0,100.0,17655000.0,.dk,5841000.0,7287875.0,706604.0
DJIBOUTI,82.2,78.6,24.9,1.93,31.8,4.81,4900.0,,976143.0,28.39,79.9,25053.0,65.0,130000.0,.dj,759000.0,489339.0,27326.0
DOMINICA,,,34.9,0.02,82.7,6.68,10900.0,,74656.0,23.0,,16000.0,100.0,42000.0,.dm,58320.0,62000.0,7500.0
DOMINICAN REPUBLIC,3.1,12.2,24.1,1.18,31.1,-1.8,2900.0,61.7,11470261.0,15.73,35.7,31000.0,47.0,3453000.0,.ht,4290000.0,7300000.0,6000.0
ECUADOR,4.2,18.4,28.8,1.1,45.4,4.24,10700.0,94.5,17483326.0,6.43,14.2,2371297.0,100.0,9354000.0,.ec,13680000.0,16789600.0,1846666.0
EGYPT,0.4,48.1,24.1,1.59,103.0,3.33,11600.0,73.1,109546720.0,9.33,24.3,9349469.0,100.0,59826000.0,.eg,79200000.0,103449427.0,11030900.0
EL SALVADOR,1.7,14.1,27.7,0.46,71.41,10.28,9100.0,89.1,6602370.0,5.94,13.7,586000.0,97.0,2586000.0,.sv,3969000.0,11071073.0,856090.0
EQUATORIAL GUINEA,93.0,97.4,20.3,3.36,37.4,-0.95,14600.0,95.3,1737695.0,9.24,18.3,1000.0,66.0,349000.0,.gq,864000.0,650000.0,11000.0
ERITREA,0.2,14.7,20.3,1.08,131.2,5.0,1600.0,76.6,6274796.0,8.05,14.6,5000.0,52.0,228000.0,.er,792000.0,1800000.0,66000.0
ESTONIA,23.0,36.3,43.7,0.74,23.77,8.01,38700.0,99.9,1202762.0,6.33,17.1,415610.0,100.0,3030000.0,.ee,1183000.0,1980838.0,296620.0
ESWATINI,1.8,16.5,23.7,0.72,28.4,7.88,8900.0,88.4,1130043.0,25.76,50.9,12000.0,82.0,286000.0,.sz,708000.0,1400000.0,46000.0
ETHIOPIA,1.3,8.8,19.8,2.42,31.45,5.64,2300.0,51.8,116462712.0,3.69,5.7,212000.0,54.0,4856000.0,.et,20400000.0,65000000.0,890000.0
EUROPEAN UNION,20.4,18.9,44.0,0.1,86.8,5.39,44100.0,,,7.05,19.5,163772540.0,99.0,,.eu;,389063826.0,540557924.0,160149025.0
FALKLAND ISLANDS (ISLAS MALVINAS),,,,0.01,0.0,25.5,70800.0,,3662.0,1.0,,1000.0,,11000.0,.fk,3762.0,6000.0,2000.0
FAROE ISLANDS,,,37.2,0.63,35.0,5.9,40000.0,,52600.0,2.2,,18443.0,100.0,128000.0,.fo,51728.0,59000.0,15000.0
FIJI,10.5,35.6,29.9,0.42,48.9,-5.11,10400.0,99.1,947760.0,5.24,18.1,23062.0,92.0,393000.0,.fj,500000.0,990000.0,49000.0
FINLAND,16.3,26.9,42.8,0.22,61.3,2.1,49600.0,,5614571.0,7.53,18.1,1846000.0,100.0,20418000.0,.fi,5115000.0,7000000.0,207000.0
FRANCE,26.7,28.6,46.3,0.12,123.0,6.8,45900.0,98.6,47222613.0,8.1,36.9,31520000.0,100.0,138611000.0,.fr,60421689.0,73830000.0,35500000.0
FRENCH POLYNESIA,43.9,35.4,33.3,0.7,,1.02,18600.0,,301488.0,14.39,38.9,64000.0,100.0,272000.0,.pf,218100.0,322918.0,108051.0
GABON,84.7,86.2,21.0,2.39,62.7,1.46,13800.0,85.5,2397368.0,22.26,38.4,44607.0,91.0,784000.0,.ga,1656000.0,3144609.0,31708.0
"GAMBIA, THE",0.8,21.4,21.8,2.23,88.0,4.27,2100.0,58.1,2468569.0,11.21,15.5,5000.0,63.0,137000.0,.gm,858000.0,27000000.0,60000.0
GAZA STRIP,96.2,98.8,18.0,1.99,,7.05,5600.0,97.5,2098389.0,24.9,39.6,376911.0,100.0,215000.0,.ps;,3602452.0,4052966.0,485829.0
GEORGIA,7.1,56.3,38.6,0.01,65.88,10.47,15500.0,99.6,4936390.0,10.66,28.3,986809.0,100.0,4579000.0,.ge,2888000.0,5163558.0,337923.0
GERMANY,19.9,24.1,47.8,0.12,63.9,1.8,51200.0,,84220184.0,3.0,7.0,37736000.0,100.0,218000000.0,.de,79127551.0,107200000.0,38800000.0
GHANA,0.3,6.6,21.4,2.19,71.8,5.36,5400.0,79.0,33846114.0,4.7,9.6,78371.0,86.0,5312000.0,.gh,22440000.0,40454073.0,315271.0
GIBRALTAR,,,35.5,0.19,7.5,,61700.0,,29629.0,1.0,,21009.0,100.0,43000.0,.gi,31152.0,34000.0,17000.0
GREECE,30.5,36.5,45.3,0.35,252.29,8.43,29500.0,97.9,10497595.0,14.8,36.9,4257026.0,100.0,21545000.0,.gr,7800000.0,11494008.0,4913036.0
GREENLAND,100.0,100.0,34.3,0.04,13.0,0.36,41800.0,100.0,57777.0,9.1,,15649.0,100.0,187000.0,.gl,38920.0,66605.0,6352.0
GRENADA,98.6,98.6,33.3,0.29,70.4,4.69,13700.0,98.6,114299.0,24.0,,32000.0,93.0,55000.0,.gd,93600.0,100000.0,26000.0
GUAM,16.1,14.7,29.4,0.13,22.1,1.06,35600.0,,169330.0,6.98,15.3,3000.0,100.0,455000.0,.gu,136850.0,98000.0,70000.0
GUATEMALA,1.6,20.1,23.2,1.54,31.56,7.98,8900.0,83.3,17980803.0,3.57,7.2,612000.0,97.0,5185000.0,.gt,9180000.0,22124839.0,2319643.0
GUERNSEY,15.6,15.9,44.3,0.22,,0.4,52500.0,,67642.0,7.37,15.8,25336.0,100.0,,.gg,55069.0,71485.0,33930.0
GUINEA,31.3,61.2,19.1,2.75,,,,45.3,13607249.0,,8.2,,,,,,,
GUINEA-BISSAU,0.9,17.0,18.0,2.54,48.3,6.06,3500.0,52.9,2078820.0,3.72,12.8,153813.0,67.0,1312000.0,.sn,9860000.0,19859981.0,261440.0
GUYANA,2.4,21.7,27.5,0.28,52.2,20.06,21900.0,88.8,791739.0,16.42,29.9,95000.0,92.0,380000.0,.gy,680000.0,860000.0,130000.0
HAITI,58.3,65.3,24.1,2.23,,,,61.7,11334637.0,,33.2,,,,,,,
HONDURAS,88.7,88.2,24.4,1.16,39.5,12.53,5600.0,88.5,9571352.0,8.51,15.5,396916.0,94.0,3991000.0,.hn,4800000.0,7560710.0,465521.0
HONG KONG,13.6,16.3,45.6,0.15,,,,,7288167.0,,15.0,,,,,,,
HUNGARY,27.8,35.8,43.6,0.31,96.11,7.12,33600.0,99.1,9670009.0,4.12,13.5,,100.0,10873000.0,.hu,8633000.0,10248653.0,2955979.0
ICELAND,12.0,11.9,37.1,0.89,100.02,4.4,53600.0,,360872.0,5.4,13.4,141816.0,100.0,2967000.0,.is,370000.0,437270.0,100482.0
INDIA,13.0,41.3,28.7,0.7,46.52,8.68,6600.0,74.4,1399179585.0,5.98,28.3,23000000.0,99.0,432768000.0,.in,560000000.0,1166310000.0,20090000.0
INDONESIA,3.7,71.4,31.1,0.76,42.92,3.69,11900.0,96.0,279476346.0,4.41,16.1,11722218.0,99.0,69065000.0,.id,167400000.0,365872608.0,8998814.0
IRAN,3.1,24.1,31.7,0.93,39.5,4.72,15000.0,88.7,87590873.0,11.46,27.2,9564195.0,100.0,80553000.0,.ir,69520000.0,135899424.0,29306782.0
IRAQ,1.8,35.1,21.2,1.94,27.44,2.78,9000.0,85.6,41266109.0,14.19,27.2,6254099.0,100.0,28369000.0,.iq,21560000.0,37649112.0,3048736.0
IRELAND,19.0,22.5,37.8,0.91,71.58,13.59,102500.0,,5323991.0,6.63,17.4,1516473.0,100.0,11430000.0,.ie,4750000.0,5373865.0,1595061.0
ISLE OF MAN,8.2,11.8,44.6,0.48,,0.25,84600.0,,91840.0,1.1,10.1,,100.0,,.im,,,
ISRAEL,13.5,28.9,30.4,1.43,72.6,8.61,42100.0,97.8,9043387.0,5.05,8.8,2602079.0,100.0,18993000.0,.il,8010000.0,12500000.0,3500000.0
ITALY,19.5,26.6,46.5,0.11,131.8,6.74,41900.0,99.2,61021855.0,9.83,30.9,18128787.0,100.0,121442000.0,.it,44250000.0,78114933.0,19994902.0
JAMAICA,31.4,22.1,29.4,0.09,106.28,4.6,9600.0,88.7,2820982.0,9.18,26.1,385603.0,100.0,1216000.0,.jm,2296000.0,2905408.0,473617.0
JAPAN,10.0,30.1,48.6,0.41,261.3,1.0,39300.0,,123719238.0,2.6,4.4,43730000.0,100.0,306000000.0,.jp,116565962.0,204700000.0,61210000.0
JERSEY,15.6,15.9,37.5,0.61,,1.0,56600.0,,102785.0,7.37,15.8,39699.0,100.0,,.je,96038.0,124083.0,48122.0
JORDAN,12.8,56.8,23.5,0.79,75.14,2.23,9200.0,98.4,11086716.0,19.25,40.5,630545.0,99.0,5644000.0,.jo,9130000.0,7275563.0,427517.0
KAZAKHSTAN,6.7,39.6,31.6,0.73,26.63,4.3,26100.0,99.8,19543464.0,4.9,3.7,2620400.0,100.0,25022000.0,.kz,17290000.0,24323000.0,2997400.0
KENYA,2.7,19.5,20.0,2.09,54.2,7.52,4700.0,82.6,57052004.0,5.74,13.8,674191.0,76.0,3304000.0,.ke,15370000.0,65085720.0,61096.0
KIRIBATI,27.3,53.9,25.7,1.02,26.3,1.5,1900.0,,115372.0,30.6,22.5,185.0,92.0,11000.0,.ki,70200.0,54527.0,10.0
"KOREA, NORTH",0.0,34.8,34.6,0.44,,-1.1,1700.0,100.0,26072217.0,2.59,6.1,,52.0,8413000.0,.kp,,6000000.0,1200000.0
"KOREA, SOUTH",5.9,35.7,43.2,0.23,46.43,4.15,44200.0,,51966948.0,3.53,7.8,22327182.0,100.0,135789000.0,.kr,50960000.0,72855492.0,23213189.0
KOSOVO,57.3,44.9,,,21.2,10.75,11900.0,,1964327.0,30.5,48.8,,100.0,1424000.0,.xk;,1756300.0,1777859.0,383763.0
KUWAIT,2.2,33.5,29.7,1.13,20.6,-8.86,43900.0,96.5,3103580.0,3.71,25.5,73948.0,100.0,19371000.0,.kw,4300000.0,6918180.0,580000.0
KYRGYZSTAN,2.8,48.0,27.3,0.82,72.23,3.61,4800.0,99.6,6122781.0,9.1,19.3,289000.0,99.0,4626000.0,.kg,5070000.0,8500000.0,300000.0
LAOS,10.3,53.3,24.0,1.3,63.6,2.53,7800.0,87.1,7852377.0,1.26,3.3,128000.0,100.0,9346000.0,.la,4588000.0,4822973.0,1300195.0
LATVIA,23.7,50.3,44.4,1.13,36.3,4.07,32100.0,99.9,1821750.0,7.6,15.5,490569.0,100.0,3089000.0,.lv,1729000.0,2161725.0,191798.0
LEBANON,28.9,47.5,33.7,0.64,146.8,-7.0,13000.0,95.1,5331203.0,14.49,29.6,432070.0,100.0,3768000.0,.lb,4872000.0,4300000.0,880000.0
LESOTHO,5.4,43.1,24.7,0.76,33.7,1.35,2300.0,81.0,2210646.0,24.6,37.4,5060.0,50.0,74000.0,.ls,1104000.0,1821374.0,9559.0
LIBERIA,2.0,14.3,18.0,2.71,34.4,4.99,1400.0,48.3,5506280.0,4.09,3.2,13000.0,29.0,196000.0,.lr,1768000.0,1700000.0,6000.0
LIBYA,85.6,96.7,25.8,1.54,4.7,31.37,22000.0,91.0,7252573.0,19.58,50.5,332000.0,70.0,10516000.0,.ly,3095400.0,2900000.0,1600000.0
LIECHTENSTEIN,8.8,9.4,43.7,0.7,20.91,4.22,71000.0,,39993.0,5.32,9.1,4028238.0,100.0,22921000.0,.ch,8352000.0,11060700.0,2956500.0
LITHUANIA,21.8,42.1,44.5,1.04,53.28,5.98,39300.0,99.8,2655755.0,7.9,19.0,796814.0,100.0,3512000.0,.lt,2436000.0,3726653.0,290711.0
LUXEMBOURG,19.8,22.4,39.5,1.58,23.0,5.1,115700.0,,660924.0,5.23,15.2,235155.0,100.0,1899000.0,.lu,633600.0,880000.0,270000.0
MACAU,6.6,11.7,40.8,0.71,0.0,19.27,64800.0,97.1,639971.0,3.01,9.2,208000.0,100.0,478000.0,.mo,607200.0,2800000.0,110000.0
MADAGASCAR,12.8,42.7,20.3,2.22,36.0,4.4,1500.0,77.3,28812195.0,2.59,4.8,32000.0,35.0,587000.0,.mg,5800000.0,16279633.0,26271.0
MALAWI,4.1,17.5,16.8,2.28,44.89,2.75,1500.0,67.3,21279597.0,7.02,9.9,12255.0,14.0,618000.0,.mw,4800000.0,11940135.0,12465.0
MALAYSIA,1.1,43.8,29.2,1.01,62.03,3.09,26300.0,95.0,34219975.0,4.61,15.6,3358800.0,100.0,34959000.0,.my,32979999.0,47201700.0,8247100.0
MALDIVES,6.0,44.4,29.5,0.17,63.9,41.75,18800.0,97.9,389568.0,6.08,17.7,63685.0,100.0,545000.0,.mv,447200.0,706043.0,14005.0
MALI,1.0,15.6,16.0,2.93,35.4,3.05,2100.0,35.5,21359722.0,7.72,17.3,243806.0,53.0,890000.0,.ml,7480000.0,21882251.0,301055.0
MALTA,21.6,26.4,42.3,0.59,50.7,10.3,44700.0,94.9,467138.0,3.5,9.8,213419.0,100.0,784000.0,.mt,461100.0,644955.0,259439.0
MARSHALL ISLANDS,8.3,48.7,23.8,1.3,41.71,1.11,6000.0,98.3,80966.0,36.0,26.0,1000.0,99.0,,.mh,16254.0,16000.0,2361.0
MAURITANIA,2.1,19.3,21.0,1.96,96.6,2.45,5300.0,67.0,4244878.0,11.46,23.0,18457.0,47.0,656000.0,.mr,2714000.0,6512361.0,58094.0
MAURITIUS,3.0,37.3,36.3,0.09,,,,92.2,1309448.0,,25.3,,,,,,,
MEXICO,6.2,19.9,29.3,0.61,54.3,4.72,19100.0,95.2,129875529.0,4.38,8.1,21936131.0,100.0,93430000.0,.mx,98800000.0,123920752.0,24366595.0
"MICRONESIA, FEDERATED STATES OF",29.9,10.4,26.3,0.7,25.4,-3.19,3300.0,,100319.0,16.2,18.9,6000.0,83.0,,.fm,44000.0,22000.0,7000.0
MOLDOVA,6.2,51.7,37.7,1.14,33.01,13.94,14000.0,99.6,3250532.0,3.96,8.6,719001.0,100.0,594000.0,.md,1891000.0,3900179.0,1000228.0
MONACO,27.9,25.7,55.4,0.66,,21.55,115700.0,,31597.0,2.0,26.6,20877.0,100.0,,.mc,31820.0,36255.0,42812.0
MONGOLIA,7.1,51.7,29.8,0.83,73.94,1.64,11700.0,99.2,3255468.0,7.08,21.0,307166.0,100.0,1479000.0,.mn,2772000.0,4687304.0,399237.0
MONTENEGRO,31.1,31.6,39.6,0.43,67.2,12.43,20600.0,99.0,602445.0,18.49,31.6,184176.0,99.0,1006999.0,.me,516600.0,1120074.0,189519.0
MONTSERRAT,,,34.8,0.46,,,,,5440.0,,,,,,,,,
MOROCCO,0.8,28.2,29.1,0.88,65.1,7.93,8100.0,75.9,37067420.0,11.47,27.2,2102434.0,100.0,14187000.0,.ma,32560000.0,52012000.0,2460155.0
MOZAMBIQUE,5.6,23.0,17.0,2.55,102.88,2.36,1200.0,63.4,32513805.0,3.98,8.1,70000.0,31.0,2765000.0,.mz,5440000.0,13686234.0,59682.0
NAMIBIA,91.4,91.6,22.5,1.83,,,,91.5,2727409.0,,43.4,,,,,,,
NAURU,49.1,47.8,27.0,0.42,62.0,1.5,11900.0,,9852.0,23.0,26.6,950.0,100.0,15000.0,.nr,10920.0,10000.0,10000.0
NEPAL,12.8,47.9,25.3,0.74,39.05,4.25,3800.0,71.2,30899443.0,5.05,9.5,1270000.0,89.0,1392000.0,.np,15600000.0,38000000.0,730000.0
NETHERLANDS,19.9,24.4,42.8,0.36,56.5,4.86,56600.0,,17463930.0,4.01,9.6,7525016.0,100.0,43409000.0,.nl,16559999.0,21888000.0,5024000.0
NEW CALEDONIA,96.5,97.3,32.9,1.17,6.5,2.0,35700.0,96.9,300682.0,16.57,41.0,55000.0,100.0,1071000.0,.nc,237800.0,260000.0,46000.0
NEW ZEALAND,99.0,99.0,37.2,0.92,,,,99.0,5223100.0,,9.2,,,,,,,
NICARAGUA,82.8,82.4,27.3,0.91,33.3,10.34,5600.0,82.6,6359689.0,5.96,11.6,290351.0,86.0,1837000.0,.ni,3933000.0,6233864.0,207577.0
NIGER,1.1,13.7,14.8,3.66,45.3,1.39,1200.0,37.3,25396840.0,0.75,1.0,12000.0,18.0,324000.0,.ne,5500000.0,14000000.0,58000.0
NIGERIA,0.5,6.9,18.6,2.53,21.8,3.65,4900.0,62.0,230842743.0,9.79,19.6,65313.0,59.0,11691000.0,.ng,115500000.0,195128265.0,106385.0
NIUE,,,,0.03,,6.2,11100.0,,2000.0,12.0,,,,3000.0,.nu,1512.0,,1000.0
NORFOLK ISLAND,,,,0.01,,,,,1748.0,,,,,,.nf,806.0,,
NORTH MACEDONIA,97.6,99.1,39.0,0.11,39.3,3.96,16500.0,98.4,2133410.0,16.2,34.1,475569.0,100.0,1928000.0,.mk,1743000.0,1941352.0,425646.0
NORTHERN MARIANA ISLANDS,,,32.8,0.35,7.1,-11.14,24500.0,,51295.0,11.2,,,100.0,,.mp,12299.0,20474.0,20000.0
NORWAY,15.4,17.0,39.5,0.79,36.5,3.3,67500.0,,5597924.0,4.99,13.0,2387661.0,100.0,38360000.0,.no,5346000.0,5800000.0,350000.0
OMAN,0.4,15.5,26.2,1.8,46.9,3.09,34300.0,95.7,3833465.0,3.12,14.6,508949.0,100.0,8601000.0,.om,4320000.0,6115537.0,572166.0
PAKISTAN,7.3,33.0,22.0,1.91,67.0,6.49,5200.0,58.0,247653551.0,4.35,9.4,2523027.0,94.0,39925000.0,.pk,48300000.0,188711452.0,2989133.0
PALAU,7.9,27.3,33.9,0.39,86.13,-13.33,13800.0,96.6,21779.0,1.7,5.6,1224.0,100.0,,.pw,6696.0,24000.0,8000.0
PANAMA,2.2,7.7,30.1,1.51,37.8,15.34,29000.0,95.7,4404108.0,12.09,30.0,562413.0,95.0,4106000.0,.pa,2992000.0,6003255.0,790486.0
PAPUA NEW GUINEA,25.1,53.5,24.0,2.31,48.68,0.3,3700.0,64.2,9819350.0,2.75,5.3,21000.0,20.0,1139000.0,.pg,3168000.0,4800000.0,170000.0
PARAGUAY,4.4,18.6,29.7,1.12,19.5,4.1,13700.0,94.5,7439863.0,7.21,16.3,562369.0,100.0,8831000.0,.py,5159000.0,7975074.0,203971.0
PERU,3.0,13.2,29.1,0.5,34.67,13.35,12500.0,94.5,32440172.0,4.83,11.2,3044000.0,95.0,15340000.0,.pe,24140000.0,43129394.0,2266025.0
PHILIPPINES,96.5,96.2,25.7,1.58,39.9,5.7,8100.0,96.3,109035343.0,2.41,7.3,7936574.0,97.0,27885000.0,.ph,58300000.0,163345244.0,5028018.0
PITCAIRN ISLANDS,,,,0.0,,,,,50.0,,,,,,.pn,,,
POLAND,20.1,27.9,41.9,0.28,50.6,6.85,34900.0,99.8,37991766.0,3.37,13.4,8369218.0,100.0,47269000.0,.pl,32299999.0,50588785.0,5308497.0
PORTUGAL,20.2,30.5,44.6,0.17,125.7,5.48,33700.0,95.9,10223150.0,6.65,23.1,4160795.0,100.0,22364000.0,.pt,8199999.0,12476165.0,5318750.0
PUERTO RICO,92.4,92.4,43.6,1.29,51.6,0.21,32600.0,92.4,3057311.0,8.27,18.5,671284.0,100.0,6180000.0,.pr,2564100.0,3661176.0,726739.0
QATAR,1.9,21.7,33.7,0.86,53.8,1.59,92900.0,93.5,2532104.0,0.26,1.1,296126.0,100.0,10633000.0,.qa,2700000.0,3876499.0,460240.0
ROMANIA,20.0,35.9,42.5,1.01,57.11,5.1,30800.0,98.9,18326327.0,5.17,20.6,5684782.0,100.0,20528000.0,.ro,15960000.0,22929000.0,2606000.0
RUSSIA,12.8,40.8,40.3,0.24,23.05,4.75,28000.0,99.7,141698923.0,5.01,16.9,33893305.0,100.0,255000000.0,.ru;,132000000.0,250000000.0,24000000.0
RWANDA,7.2,20.1,19.7,1.68,40.5,10.88,2200.0,75.9,13400541.0,1.61,2.9,17685.0,48.0,265000.0,.rw,3900000.0,10902989.0,11893.0
SAINT BARTHELEMY,,,47.0,0.11,,,,,7093.0,,,,100.0,,.bl;,7077.0,,
"SAINT HELENA, ASCENSION, AND TRISTAN DA CUNHA",,,44.7,0.11,,,7800.0,,7935.0,14.0,,1000.0,100.0,8000.0,.sh;,2287.0,4000.0,4000.0
SAINT KITTS AND NEVIS,,,38.1,0.59,62.9,-0.88,26500.0,,54817.0,4.5,,30000.0,100.0,71000.0,.kn,37920.0,57000.0,16000.0
SAINT LUCIA,36.2,41.0,39.0,0.27,70.7,12.23,13000.0,,167591.0,16.91,38.7,33000.0,100.0,92000.0,.lc,140400.0,170000.0,14000.0
SAINT MARTIN,,,34.0,0.31,,,19300.0,,32897.0,,,,100.0,,.mf;,19284.0,68840.0,68840.0
SAINT PIERRE AND MIQUELON,,,50.6,1.19,,,46200.0,,5195.0,8.7,,,,26000.0,.pm,5099.0,,4800.0
SAINT VINCENT AND THE GRENADINES,43.9,39.7,37.0,0.16,73.8,1.35,13700.0,,100804.0,21.62,41.1,24733.0,100.0,49000.0,.vc,85000.0,114892.0,11385.0
SAMOA,14.5,36.1,26.9,0.65,49.1,-7.08,5500.0,99.1,207501.0,9.84,19.7,1692.0,98.0,50000.0,.ws,171600.0,69000.0,6000.0
SAN MARINO,99.9,99.9,45.9,0.59,98.35,-6.65,56400.0,99.9,34892.0,8.1,27.4,11000.0,100.0,,.sm,25500.0,40000.0,16000.0
SAO TOME AND PRINCIPE,1.3,10.1,20.4,1.45,88.4,1.88,4100.0,94.8,220372.0,15.91,22.9,2512.0,78.0,28000.0,.st,112200.0,189239.0,2619.0
SAUDI ARABIA,2.0,26.5,32.0,1.65,17.2,3.24,44300.0,97.6,35939806.0,7.36,28.8,7890261.0,100.0,76785000.0,.sa,36000000.0,45427321.0,6594631.0
SENEGAL,9.2,7.0,19.0,2.52,37.9,3.9,2600.0,56.3,18384660.0,6.34,8.2,1000.0,46.0,992000.0,.gn,4900000.0,13795000.0,0.0
SERBIA,39.1,40.5,43.7,0.63,62.5,7.55,19800.0,99.5,6693375.0,11.81,30.4,1730496.0,100.0,8986000.0,.rs,5589000.0,8501519.0,2540276.0
SEYCHELLES,15.6,17.5,38.2,0.6,63.6,7.86,28800.0,95.9,97617.0,3.0,16.5,34966.0,100.0,157000.0,.sc,90200.0,184161.0,18768.0
SIERRA LEONE,6.4,20.5,19.2,2.41,63.9,4.1,1600.0,47.7,8908040.0,5.33,10.8,,27.0,180000.0,.sl,1047499.0,8227093.0,269.0
SINGAPORE,5.0,28.0,38.9,0.9,153.41,7.61,106000.0,97.5,5975383.0,3.62,9.1,1509700.0,100.0,12240000.0,.sg,5369000.0,8660700.0,1887500.0
SINT MAARTEN,,,41.1,1.19,,-6.6,35300.0,,45677.0,12.0,,,100.0,,.sx;,39089.0,68840.0,68840.0
SLOVAKIA,25.6,37.4,42.5,0.13,77.36,3.01,31900.0,,5425319.0,6.74,21.5,1701561.0,100.0,7868000.0,.sk,4806000.0,7362325.0,577390.0
SLOVENIA,19.6,24.4,45.9,0.08,73.6,8.21,40000.0,99.7,2099790.0,4.42,13.9,651604.0,100.0,4062000.0,.si,1869000.0,2607268.0,695444.0
SOLOMON ISLANDS,19.2,53.8,24.8,1.69,11.46,-0.2,2400.0,,714766.0,1.03,1.9,1000.0,76.0,40000.0,.sb,255600.0,470000.0,7000.0
SOMALIA,38.5,32.5,19.0,2.49,76.7,4.05,1100.0,,12693796.0,19.86,34.7,119000.0,49.0,91000.0,.so,2465000.0,8844000.0,91000.0
SOUTH AFRICA,6.5,34.0,30.1,1.08,53.0,4.91,13300.0,95.0,58048332.0,33.56,64.2,1303057.0,89.0,62728000.0,.za,42480000.0,100328005.0,1472191.0
SOUTH SUDAN,28.9,40.3,18.7,4.78,62.7,-5.2,1600.0,34.5,12118379.0,13.91,21.0,200.0,7.0,121000.0,.ss,869000.0,3300000.0,3.0
SPAIN,98.2,99.0,46.3,0.12,,7.4,34000.0,98.6,47222613.0,5.6,33.9,2700.0,100.0,5000.0,.ms,2473.0,5000.0,3000.0
SRI LANKA,2.6,41.4,33.9,0.56,79.1,3.33,13400.0,92.3,23326272.0,5.39,26.1,1781530.0,100.0,4527000.0,.lk,14740000.0,30764134.0,2869186.0
SUDAN,56.1,65.4,19.1,2.55,121.6,-1.87,3700.0,60.7,49197555.0,19.81,35.6,28782.0,61.0,4354000.0,.sd,13248000.0,16688773.0,129408.0
SURINAME,93.4,96.5,31.6,1.11,69.3,-2.73,14800.0,95.0,639759.0,10.06,30.5,92270.0,98.0,542000.0,.sr,402600.0,906170.0,119977.0
SVALBARD,,,,0.03,,,,,2926.0,,,,,,.sj,,,
SWEDEN,18.2,29.8,41.0,0.51,44.0,2.6,54800.0,,10536338.0,8.66,24.5,4179574.0,100.0,43499000.0,.se,8800000.0,12843683.0,1382146.0
SWITZERLAND,22.9,28.1,44.0,0.78,,,,,8563760.0,,9.1,,,,,,,
SYRIA,81.0,91.7,23.9,6.39,94.8,-3.87,2900.0,86.4,22933531.0,10.57,26.2,1549356.0,88.0,10082000.0,.sy,8492468.0,16990714.0,2821171.0
TAIWAN,97.3,99.7,44.0,0.03,35.7,2.71,47800.0,98.5,23588613.0,3.73,,5831470.0,,57738000.0,.tw,21600000.0,30000000.0,13000000.0
TAJIKISTAN,99.7,99.8,22.7,1.94,50.4,9.2,3900.0,99.8,9245937.0,7.75,17.4,6000.0,99.0,7114000.0,.tj,3009054.0,12000000.0,500000.0
TANZANIA,3.4,14.0,18.9,2.75,37.0,4.28,2600.0,81.8,65642682.0,2.65,4.6,1135608.0,42.0,1623000.0,.tz,20480000.0,54000000.0,72000.0
THAILAND,2.9,41.3,41.0,0.2,50.4,1.53,17100.0,94.1,69794997.0,1.42,7.0,11478265.0,100.0,53130000.0,.th,61200000.0,120000000.0,4600000.0
TIMOR-LESTE,10.8,67.6,20.3,2.1,3.8,5.29,5000.0,68.1,1476042.0,5.07,13.8,75.0,100.0,284000.0,.tl,507000.0,1400000.0,1900.0
TOGO,1.2,12.3,20.5,2.45,75.7,5.26,2100.0,66.5,8703961.0,4.0,9.7,52706.0,55.0,210000.0,.tg,3010000.0,6300000.0,54000.0
TOKELAU,,,,0.01,,,6004.0,,1647.0,2.0,,,,,.tk,800.0,,300.0
TONGA,15.3,46.7,25.4,0.3,49.41,-2.67,6100.0,99.4,105221.0,3.97,11.1,5000.0,100.0,26000.0,.to,73700.0,64000.0,11000.0
TRINIDAD AND TOBAGO,98.7,99.2,38.0,0.12,41.8,-1.03,23000.0,99.0,1407460.0,4.8,12.7,376771.0,100.0,2123000.0,.tt,1185000.0,2000000.0,340000.0
TUNISIA,2.0,47.2,34.0,0.63,70.3,4.32,10400.0,82.7,11976182.0,16.82,38.3,1334059.0,99.0,5777000.0,.tn,9480000.0,16000000.0,1700000.0
TURKEY (TURKIYE),29.9,21.4,33.6,0.64,41.97,11.35,31500.0,96.7,83593483.0,13.39,24.3,16734853.0,100.0,96846000.0,.tr,68850000.0,86000000.0,12000000.0
TURKMENISTAN,0.4,10.6,30.7,0.95,28.8,6.3,15000.0,99.7,5690818.0,5.08,11.0,10000.0,100.0,5205000.0,.tm,1563023.0,6300000.0,800000.0
TURKS AND CAICOS ISLANDS,,,35.9,1.81,,2.1,18500.0,,59367.0,10.0,,,100.0,85000.0,.tc,37008.0,25085.0,4000.0
TUVALU,21.3,49.8,27.5,0.81,37.0,2.99,4900.0,,11639.0,,20.6,450.0,99.0,,.tv,7920.0,9000.0,2000.0
UGANDA,3.7,13.0,16.1,3.22,44.19,3.54,2200.0,79.0,47729952.0,2.94,4.3,58594.0,45.0,2397000.0,.ug,4600000.0,30000000.0,110000.0
UKRAINE,11.5,40.0,45.3,2.33,58.72,3.4,10700.0,100.0,43306477.0,8.88,16.5,7769401.0,100.0,56816000.0,.ua,34596356.0,56000000.0,2300000.0
UNITED ARAB EMIRATES,97.2,98.8,35.7,0.58,19.7,3.92,69700.0,98.1,9973449.0,3.36,10.7,3245123.0,100.0,35173000.0,.ae,9400000.0,18000000.0,2200000.0
UNITED KINGDOM,13.5,17.3,40.6,0.49,95.1,4.1,46200.0,,68138484.0,4.5,13.2,27050000.0,100.0,113153000.0,.uk,65001016.0,80220000.0,26900000.0
UNITED STATES,17.5,28.4,38.5,0.68,127.1,5.95,63700.0,,339665118.0,3.9,9.6,119870000.0,100.0,1147000000.0,.us,311870000.0,496800000.0,107280000.0
URUGUAY,18.5,24.4,36.2,0.27,60.4,4.37,22800.0,98.8,3416264.0,10.45,32.9,1063701.0,100.0,5348000.0,.uy,3060000.0,4700000.0,1200000.0
UZBEKISTAN,1.1,34.0,28.7,1.61,24.3,7.42,7700.0,100.0,31360836.0,7.16,16.0,4820009.0,99.0,16042000.0,.uz,26180000.0,35000000.0,3470097.0
VANUATU,2.6,33.0,24.2,1.59,48.4,0.45,2800.0,89.1,313046.0,2.18,5.4,2785.0,70.0,35000.0,.vu,211200.0,250000.0,3600.0
VENEZUELA,97.7,97.4,30.8,2.4,38.9,-19.67,7704.0,97.5,30518260.0,6.41,14.9,2561556.0,99.0,32956000.0,.ve,22734162.0,17000000.0,3200000.0
VIETNAM,2.2,47.4,32.7,0.93,58.5,2.56,10600.0,95.8,104799174.0,2.17,7.2,16699249.0,100.0,65283000.0,.vn,71780000.0,140000000.0,3100000.0
VIRGIN ISLANDS,37.3,24.1,42.7,0.49,53.3,-2.15,37000.0,,104917.0,13.27,27.0,,100.0,321000.0,.vi,67508.0,80000.0,76000.0
WALLIS AND FUTUNA,,,35.8,0.23,5.6,,3800.0,,15929.0,8.8,,,,,.wf,5496.0,0.0,3000.0
WEST BANK,96.2,98.8,21.7,2.1,24.4,7.05,5600.0,97.5,3176549.0,24.9,39.6,373050.0,100.0,215000.0,.ps;,3938199.0,4052966.0,485829.0
WORLD,83.3,90.1,31.0,1.03,67.2,5.87,17000.0,86.7,7979261010.0,6.18,17.9,1.0,91.0,,,,8.0,901317598.0
YEMEN,8.1,32.5,21.6,1.83,74.5,-5.9,2500.0,70.1,31565602.0,13.57,25.5,391000.0,74.0,1772000.0,.ye,8229624.0,15000000.0,1200000.0
ZAMBIA,3.7,25.1,18.2,2.86,103.7,4.6,3200.0,86.7,20216029.0,13.03,26.1,82317.0,46.0,3065000.0,.zm,3990000.0,20000000.0,66000.0
ZIMBABWE,1.5,21.8,21.0,1.99,82.3,8.47,2100.0,89.7,15418674.0,5.17,7.3,203461.0,48.0,2473000.0,.zw,5600000.0,14257590.0,243421.0
