Country,Area_Total,Coastline,Exports_billion_USD,Imports_billion_USD,Land_Boundaries,Population_Growth_Rate,Real_GDP_Growth_Rate_percent,Real_GDP_PPP_billion_USD,Total_Population,airports_paved_runways_count,airports_unpaved_runways_count,gas_pipelines_km,heliports_count,oil_pipelines_km,petroleum_bbl_per_day,railways_km,refined_petroleum_exports_bbl_per_day,refined_petroleum_imports_bbl_per_day,refined_petroleum_products_bbl_per_day,refined_products_pipelines_km,roadways_km,waterways_km
AFGHANISTAN,"652,230 sq km",0 km,1.48,6.98,"5,987 km",2.26,-20.74,60.8,39232003.0,29.0,17.0,466.0,1.0,,0.0,,0.0,34210.0,0.0,,34903.0,1200.0
ALBANIA,"28,748 sq km",362 km,5.61,8.0,691 km,0.19,8.52,40.82,3101621.0,3.0,,498.0,,,16100.0,424.0,3250.0,26660.0,5638.0,,3945.0,41.0
ALGERIA,"2,381,740 sq km",998 km,41.78,44.32,"6,734 km",1.27,3.5,487.72,44758398.0,67.0,82.0,16415.0,4.0,7036.0,1414800.0,4020.0,578800.0,82930.0,627900.0,,104000.0,
AMERICAN SAMOA,224 sq km,116 km,428.0,615.0,0 km,1.74,-1.87,658.0,44620.0,3.0,,,,,0.0,,0.0,2346.0,0.0,,241.0,
ANDORRA,468 sq km,0 km,497.87,476.68,118 km,0.11,5.52,1798.0,85468.0,0.0,0.0,,0.0,,47200.0,0.0,562400.0,464800.0,1.0,,269.0,0.0
ANGOLA,"1,246,700 sq km","1,600 km",33.67,18.84,"5,369 km",3.34,1.1,203.87,35981281.0,32.0,70.0,352.0,1.0,1065.0,1197600.0,2761.0,30340.0,111600.0,53480.0,,26000.0,1300.0
ANGUILLA,91 sq km,61 km,7.9,186.2,0 km,1.77,-8.5,175.4,19079.0,1.0,93.0,,,,,,,,,,175.0,
ANTIGUA AND BARBUDA,443 sq km,153 km,749.48,868.8,0 km,1.13,5.27,1.78,101489.0,2.0,1.0,,,,0.0,,91.0,5065.0,0.0,,1170.0,
ARGENTINA,"2,780,400 sq km","4,989 km",87.42,72.36,"11,968 km",0.8,10.4,986.13,46621847.0,161.0,977.0,29930.0,2.0,6248.0,690200.0,17866.0,58360.0,121400.0,669800.0,,281290.0,11000.0
ARMENIA,"29,743 sq km",0 km,5.01,6.12,"1,570 km",0.4,5.7,39.61,2989091.0,10.0,1.0,3838.0,,,0.0,686.0,0.0,7145.0,0.0,,7700.0,
ARUBA,180 sq km,68.5 km,2.2,1.95,0 km,1.11,17.17,4.14,123.0,1.0,,,,,0.0,,,7891.0,,,1000.0,
AUSTRALIA,"7,741,220 sq km","25,760 km",389.79,298.71,0 km,1.19,2.24,1279.0,26461166.0,349.0,131.0,637.0,1.0,,442500.0,36064.0,64120.0,619600.0,462500.0,,873573.0,2000.0
AUSTRIA,"83,871 sq km",0 km,268.28,265.77,"2,524 km",0.31,4.56,484.7,8940860.0,24.0,28.0,1888.0,1.0,594.0,20100.0,6123.0,49960.0,135500.0,186500.0,,137039.0,358.0
AZERBAIJAN,"86,600 sq km",0 km,25.49,16.34,"2,468 km",0.63,5.6,146.31,10420515.0,30.0,7.0,3890.0,1.0,2446.0,711700.0,,46480.0,5576.0,138900.0,,24981.0,
"BAHAMAS, THE","13,880 sq km","3,542 km",3.2,4.92,0 km,0.8,13.72,12.32,358508.0,24.0,37.0,,1.0,,0.0,,,19150.0,0.0,,2700.0,
BAHRAIN,760 sq km,161 km,35.23,27.58,0 km,0.85,2.23,72.27,1553886.0,4.0,730.0,20.0,1.0,54.0,185300.0,,245300.0,14530.0,274500.0,,4122.0,
BANGLADESH,"148,460 sq km",580 km,49.39,85.3,"4,413 km",0.91,6.94,1001.0,167184465.0,16.0,2.0,2950.0,3.0,,13500.0,2460.0,901.0,81570.0,26280.0,,369105.0,8370.0
BARBADOS,430 sq km,97 km,357.0,2.12,0 km,0.24,-0.19,3.87,303431.0,1.0,,33.0,,64.0,1000.0,,0.0,10630.0,0.0,,1700.0,
BELARUS,"207,600 sq km",0 km,49.42,45.46,"3,599 km",0.32,2.3,184.48,9383853.0,33.0,32.0,5386.0,1.0,1589.0,34300.0,5528.0,351200.0,14630.0,477200.0,,86600.0,2500.0
BELGIUM,"30,528 sq km",66.5 km,515.62,509.02,"1,297 km",0.55,6.13,599.81,11913633.0,26.0,15.0,3139.0,1.0,154.0,11400.0,3602.0,680800.0,601400.0,731700.0,,118414.0,2043.0
BELIZE,"22,966 sq km",386 km,1.04,1.25,542 km,1.61,15.23,3.5,419137.0,6.0,41.0,,,,1300.0,,0.0,4161.0,36.0,,3281.0,825.0
BENIN,"112,622 sq km",,3.51,3.94,"2,123 km",3.31,7.16,43.17,14219908.0,1.0,5.0,134.0,,,0.0,438.0,1514.0,38040.0,0.0,,16000.0,150.0
BERMUDA,54 sq km,103 km,1.12,1.93,0 km,0.32,5.41,5.13,72576.0,1.0,,,,,0.0,,,3939.0,,,447.0,
BHUTAN,"38,394 sq km",0 km,741.6,1.03,"1,136 km",0.96,4.09,8.48,876181.0,2.0,1.0,,,,0.0,,0.0,3120.0,0.0,,12205.0,
BOLIVIA,"1,098,581 sq km",0 km,11.44,10.8,"7,252 km",1.06,6.11,97.27,12186079.0,21.0,834.0,5457.0,,2511.0,65400.0,3960.0,9686.0,20620.0,65960.0,,90568.0,10000.0
BOSNIA AND HERZEGOVINA,"51,197 sq km",20 km,9.95,12.73,"1,543 km",0.23,7.55,51.24,3807764.0,7.0,17.0,147.0,6.0,,0.0,965.0,4603.0,18280.0,0.0,,22926.0,990.0
BOTSWANA,"581,730 sq km",0 km,7.93,9.28,"4,347.15 km",1.37,11.37,38.41,2417596.0,10.0,64.0,,,,0.0,888.0,,21090.0,,,31747.0,
BRAZIL,"8,515,770 sq km","7,491 km",317.18,297.92,"16,145 km",0.64,4.62,3128.0,218689757.0,698.0,3395.0,17312.0,13.0,5959.0,3629100.0,29850.0,279000.0,490400.0,2811000.0,6000.0,2000000.0,50000.0
BRITISH VIRGIN ISLANDS,151 sq km,80 km,23.0,300.0,0 km,1.87,2.0,500.0,39369.0,2.0,2.0,,,,0.0,,,1227.0,,,200.0,
BRUNEI,"5,765 sq km",161 km,11.2,9.22,266 km,1.43,-1.59,26.78,484991.0,1.0,417.0,33.0,3.0,,107300.0,,0.0,6948.0,10310.0,,2976.0,209.0
BULGARIA,"110,879 sq km",354 km,51.51,50.06,"1,806 km",0.66,7.63,167.8,6827736.0,57.0,11.0,2765.0,1.0,346.0,4500.0,4029.0,92720.0,49260.0,144300.0,,19512.0,470.0
BURKINA FASO,"274,200 sq km",0 km,5.36,4.78,"3,611 km",2.46,6.91,48.17,22489126.0,2.0,21.0,,,,0.0,622.0,0.0,23580.0,0.0,,15304.0,
BURMA,"676,578 sq km","1,930 km",20.4,23.1,"6,522 km",0.75,-17.91,216.95,57970293.0,36.0,28.0,3739.0,11.0,1321.0,7800.0,5031.0,0.0,102600.0,13330.0,,157000.0,12800.0
BURUNDI,"27,830 sq km",0 km,285.11,905.29,"1,140 km",3.59,1.8,8.85,13162952.0,1.0,6.0,,1.0,,0.0,,,1374.0,,,12322.0,673.0
CABO VERDE,"4,033 sq km",965 km,459.92,1.12,0 km,1.19,6.95,3.6,603901.0,9.0,418.0,,,,0.0,,,5607.0,,,1350.0,
CAMBODIA,"181,035 sq km",443 km,20.13,32.83,"2,530 km",1.04,3.03,72.24,16891245.0,6.0,10.0,,1.0,,0.0,642.0,,43030.0,,,47263.0,3700.0
CAMEROON,"475,440 sq km",402 km,7.45,9.03,"5,018 km",2.73,3.65,100.65,30135732.0,11.0,22.0,53.0,,1107.0,63200.0,987.0,8545.0,14090.0,39080.0,,77589.0,
CANADA,"9,984,670 sq km","202,080 km",611.15,609.26,"8,892 km",0.73,4.54,1832.0,38516736.0,523.0,944.0,110000.0,26.0,100000.0,5468100.0,49422.0,379500.0,405700.0,2009000.0,16500.0,1042300.0,636.0
CAYMAN ISLANDS,264 sq km,160 km,,,0 km,1.79,,,65483.0,,,,,,,,,,,,,
CENTRAL AFRICAN REPUBLIC,"622,984 sq km",0 km,113.7,393.1,"5,920 km",1.77,0.9,4.48,5552228.0,1.0,37.0,,,,0.0,,,2799.0,,,24000.0,2800.0
CHAD,1.284 million sq km,0 km,2.46,2.16,"6,406 km",3.05,-1.2,24.49,18523165.0,9.0,50.0,,,582.0,87900.0,,,2285.0,,,40000.0,12400.0
CHILE,"756,102 sq km","6,435 km",100.63,102.09,"7,801 km",0.63,11.67,496.08,18549457.0,90.0,391.0,3160.0,1.0,985.0,11900.0,,7359.0,166400.0,216200.0,,77801.0,
CHINA,"9,596,960 sq km","14,500 km",3593.0,2714.0,"22,457 km",0.18,3.0,17730.0,1413142846.0,510.0,23.0,70000.0,92.0,22900.0,4670000.0,150000.0,848400.0,1280000.0,13790000.0,9500.0,4960600.0,110000.0
CHRISTMAS ISLAND,135 sq km,138.9 km,,,0 km,1.11,,,2205.0,1.0,110.0,,,,,18.0,,,,,142.0,
COCOS (KEELING) ISLANDS,14 sq km,26 km,,,0 km,,1.0,,596.0,1.0,12.0,,,,,,,,,,22.0,
COLOMBIA,"1,138,910 sq km","3,208 km",50.79,70.84,"6,672 km",0.54,10.68,754.64,49336454.0,121.0,715.0,4991.0,3.0,6796.0,756400.0,2141.0,56900.0,57170.0,303600.0,,205379.0,24725.0
COMOROS,"2,235 sq km",340 km,139.57,407.0,0 km,1.34,2.11,2.65,888378.0,4.0,207.0,,,,0.0,,,1241.0,,,880.0,
"CONGO, DEMOCRATIC REPUBLIC OF THE","2,344,858 sq km",37 km,22.35,22.19,"11,027 km",3.13,6.2,102.96,111859928.0,26.0,172.0,62.0,1.0,77.0,22000.0,4007.0,0.0,21140.0,0.0,,152373.0,15000.0
"CONGO, REPUBLIC OF THE","342,000 sq km",169 km,4.67,3.28,"5,554 km",2.33,-2.2,18.88,5677493.0,8.0,19.0,232.0,,982.0,270900.0,510.0,5766.0,7162.0,15760.0,,23324.0,1120.0
COOK ISLANDS,236 sq km,120 km,31.4,215.0,0 km,2.31,10.5,266.0,7939.0,1.0,10.0,,,,0.0,,,611.0,,,295.0,
COSTA RICA,"322,463 sq km",515 km,13.23,12.66,"3,458 km",2.16,7.04,146.32,29344847.0,7.0,20.0,256.0,1.0,118.0,33000.0,660.0,31450.0,7405.0,69360.0,,81996.0,980.0
CROATIA,"56,594 sq km","5,835 km",35.31,36.33,"2,237 km",0.47,13.07,123.35,4169239.0,24.0,45.0,2410.0,1.0,610.0,12200.0,2617.0,40530.0,35530.0,74620.0,,26958.0,4714.0
CUBA,"110,860 sq km","3,735 km",2.63,11.06,28.5 km,0.19,1.25,137.0,10985974.0,64.0,69.0,41.0,,230.0,38400.0,8367.0,24190.0,52750.0,104100.0,,60000.0,240.0
CURACAO,444 sq km,364 km,1.28,1.92,,0.3,4.23,3.17,152849.0,1.0,,,,,,,167500.0,45800.0,189800.0,,550.0,
CYPRUS,"9,251 sq km",648 km,,,156 km,1.0,,,1308120.0,,,,,,,,,,,,,
CZECHIA,"78,867 sq km",0 km,204.78,196.24,"2,046 km",0.0,3.54,428.02,10706242.0,41.0,87.0,7160.0,1.0,675.0,6300.0,9548.0,52200.0,83860.0,177500.0,,55744.0,664.0
DENMARK,"43,094 sq km","7,314 km",234.26,208.12,141 km,0.44,3.8,352.44,5946984.0,28.0,52.0,1536.0,,330.0,69000.0,2682.0,133700.0,109700.0,183900.0,,74558.0,400.0
DJIBOUTI,"23,200 sq km",314 km,5.16,5.48,528 km,1.93,4.81,5.43,976143.0,3.0,10.0,,,,0.0,97.0,403.0,6692.0,,,2893.0,
DOMINICA,751 sq km,148 km,104.96,302.0,0 km,0.02,6.68,787.7,74656.0,2.0,750.0,,,,0.0,,,1237.0,,,1512.0,
DOMINICAN REPUBLIC,"48,670 sq km","1,288 km",1.24,5.22,376 km,1.18,-1.8,32.86,11470261.0,4.0,10.0,,,,0.0,,,20030.0,,,4102.0,
ECUADOR,"283,561 sq km","2,237 km",29.32,28.57,"2,237 km",1.1,4.24,189.88,17483326.0,104.0,328.0,123.0,2.0,2131.0,478000.0,965.0,25870.0,153900.0,137400.0,,43950.0,1500.0
EGYPT,"1,001,450 sq km","2,450 km",58.34,94.04,"2,612 km",1.59,3.33,1264.0,109546720.0,11.0,11.0,486.0,7.0,,660800.0,5085.0,47360.0,280200.0,547500.0,,65050.0,3500.0
EL SALVADOR,"21,041 sq km",307 km,8.49,15.75,590 km,0.46,10.28,57.37,6602370.0,5.0,63.0,,2.0,,0.0,,347.0,49280.0,0.0,,9012.0,422.0
EQUATORIAL GUINEA,"28,051 sq km",296 km,8.78,6.25,528 km,3.36,-0.95,23.92,1737695.0,6.0,1.0,42.0,,,142600.0,,,5094.0,,,2880.0,
ERITREA,"117,600 sq km","2,234 km",624.3,1.13,"1,840 km",1.08,5.0,9.7,6274796.0,4.0,9.0,,1.0,,0.0,306.0,,3897.0,,,16000.0,
ESTONIA,"45,228 sq km","3,794 km",29.06,29.23,657 km,0.74,8.01,51.53,1202762.0,13.0,5.0,2360.0,1.0,,21800.0,1441.0,27150.0,35520.0,,,58412.0,335.0
ESWATINI,"17,364 sq km",0 km,2.13,2.17,546 km,0.72,7.88,10.56,1130043.0,2.0,12.0,,,,0.0,301.0,,5279.0,,,3769.0,
ETHIOPIA,"1,104,300 sq km",0 km,9.5,20.86,"5,925 km",2.42,5.64,278.94,116462712.0,17.0,40.0,,,,0.0,659.0,,69970.0,,,120171.0,
EUROPEAN UNION,"4,236,351 sq km","53,563.9 km",8705.0,8037.0,"13,770 km",0.1,5.39,19739.0,,1882.0,1244.0,,,,,4894173.0,2.0,,11.0,,4894173.0,42000.0
FALKLAND ISLANDS (ISLAS MALVINAS),"12,173 sq km","1,288 km",257.3,90.0,0 km,0.01,25.5,206.4,3662.0,2.0,5.0,,,,0.0,,,286.0,,,440.0,
FAROE ISLANDS,"1,393 sq km","1,117 km",1.18,978.4,0 km,0.63,5.9,2.0,52600.0,1.0,460.0,,,,0.0,,,4555.0,,,960.0,
FIJI,"18,274 sq km","1,129 km",1.17,2.34,0 km,0.42,-5.11,9.58,947760.0,4.0,24.0,,,,0.0,597.0,,17460.0,,,3440.0,203.0
FINLAND,"338,145 sq km","1,250 km",116.91,116.28,"2,563 km",0.22,2.1,275.55,5614571.0,74.0,74.0,1288.0,,,8300.0,5918.0,166200.0,122200.0,310600.0,,454000.0,8000.0
FRANCE,"643,801 sq km","4,853 km",569.1,571.4,"3,956 km",0.12,6.8,3048.0,47222613.0,294.0,170.0,15322.0,1.0,2939.0,81500.0,27860.0,440600.0,886800.0,1.0,,1053215.0,
FRENCH POLYNESIA,"4,167 sq km","2,525 km",162.0,1.66,0 km,0.7,1.02,5.65,301488.0,45.0,9.0,,1.0,,0.0,,,6785.0,,,2590.0,
GABON,"267,667 sq km",885 km,10.8,5.02,"3,261 km",2.39,1.46,32.34,2397368.0,14.0,30.0,807.0,,1639.0,175000.0,649.0,4662.0,10680.0,16580.0,,14300.0,1600.0
"GAMBIA, THE","11,300 sq km",80 km,135.45,726.0,749 km,2.23,4.27,5.48,2468569.0,1.0,2459.0,,,,0.0,,42.0,3738.0,,,2977.0,390.0
GAZA STRIP,360 sq km,40 km,3.18,10.24,72 km,1.99,7.05,27.78,2098389.0,1.0,,,1.0,,0.0,,,,,,,
GEORGIA,"69,700 sq km",310 km,8.09,11.15,"1,814 km",0.01,10.47,57.43,4936390.0,18.0,4.0,1596.0,2.0,1175.0,300.0,1363.0,2052.0,28490.0,247.0,,20295.0,
GERMANY,"357,022 sq km","2,389 km",1813.0,1665.0,"3,694 km",0.12,1.8,4260.0,84220184.0,318.0,221.0,26985.0,23.0,2400.0,135000.0,39379.0,494000.0,883800.0,2158000.0,4479.0,830000.0,7300.0
GHANA,"238,533 sq km",539 km,23.9,25.97,"2,420 km",2.19,5.36,178.46,33846114.0,7.0,3.0,,,,185700.0,947.0,2654.0,85110.0,2073.0,,65725.0,1293.0
GIBRALTAR,7 sq km,12 km,202.3,2.97,1.2 km,0.19,,2.04,29629.0,1.0,,,,,0.0,,,74200.0,,,29.0,
GREECE,"131,957 sq km","13,676 km",87.52,103.53,"1,110 km",0.35,8.43,314.43,10497595.0,68.0,9.0,1466.0,9.0,94.0,4800.0,2345.0,371900.0,192200.0,655400.0,,117000.0,6.0
GREENLAND,"2,166,086 sq km","44,087 km",407.1,783.5,0 km,0.04,0.36,2.41,57777.0,10.0,5.0,,,,0.0,,,3973.0,,,,
GRENADA,344 sq km,121 km,393.77,650.0,0 km,0.29,4.69,1.71,114299.0,3.0,225.0,,,,0.0,,,1886.0,,,1127.0,
GUAM,544 sq km,125.5 km,1.12,2.96,0 km,0.13,1.06,5.79,169330.0,4.0,1.0,,,,0.0,,,13500.0,,,1045.0,
GUATEMALA,"108,889 sq km",400 km,15.32,27.39,"1,667 km",1.54,7.98,152.73,17980803.0,16.0,275.0,,1.0,480.0,10300.0,800.0,10810.0,97900.0,1162.0,,17440.0,990.0
GUERNSEY,78 sq km,50 km,,,0 km,0.22,0.4,3.46,67642.0,2.0,,,,,,,,,,,260.0,
GUINEA,"245,857 sq km",320 km,,,"4,046 km",2.75,,,13607249.0,,,,,,,,,,,,,
GUINEA-BISSAU,"36,125 sq km",350 km,5.29,8.96,762 km,2.54,6.06,58.99,2078820.0,9.0,11.0,43.0,,,0.0,906.0,4063.0,32050.0,17590.0,,16665.0,1000.0
GUYANA,"214,969 sq km",459 km,4.64,6.61,"2,933 km",0.28,20.06,17.64,791739.0,11.0,106.0,,,,110200.0,,,13720.0,,,3995.0,330.0
HAITI,"27,750 sq km","1,771 km",,,376 km,2.23,,,11334637.0,,,,,,,,,,,,,
HONDURAS,"112,090 sq km",823 km,7.94,14.49,"1,575 km",1.16,12.53,57.27,9571352.0,13.0,90.0,,,,0.0,699.0,12870.0,56120.0,,,14742.0,465.0
HONG KONG,"1,108 sq km",733 km,,,33 km,0.15,,,7288167.0,,,,,,,,,,,,,
HUNGARY,"93,028 sq km",0 km,148.23,147.58,"2,106 km",0.31,7.12,326.19,9670009.0,20.0,21.0,5874.0,3.0,,35200.0,7687.0,58720.0,82110.0,152400.0,,203601.0,1622.0
ICELAND,"103,000 sq km","4,970 km",9.78,10.23,0 km,0.89,4.4,19.96,360872.0,7.0,89.0,,,,0.0,,2530.0,20220.0,,,12898.0,
INDIA,"3,287,263 sq km","7,000 km",643.08,717.12,"13,888 km",0.7,8.68,9279.0,1399179585.0,253.0,93.0,16000.0,45.0,8943.0,771400.0,68525.0,1305000.0,653300.0,4897000.0,13977.0,6371847.0,14500.0
INDONESIA,"1,904,569 sq km","54,716 km",246.87,217.72,"2,958 km",0.76,3.69,3246.0,279476346.0,186.0,487.0,1064.0,76.0,,842300.0,8159.0,79930.0,591500.0,950000.0,,496607.0,21579.0
IRAN,"1,648,195 sq km","2,440 km",101.4,76.39,"5,894 km",0.93,4.72,1319.0,87590873.0,140.0,179.0,973.0,26.0,,3450300.0,,397200.0,64160.0,1.0,,223485.0,850.0
IRAQ,"438,317 sq km",58 km,78.26,50.71,"3,809 km",1.94,2.78,390.17,41266109.0,72.0,30.0,2455.0,16.0,5432.0,,2272.0,8284.0,255100.0,398000.0,,59623.0,5279.0
IRELAND,"70,273 sq km","1,448 km",677.03,477.54,490 km,0.91,13.59,515.88,5323991.0,16.0,24.0,2427.0,,,600.0,1688.0,37040.0,126600.0,64970.0,,99830.0,956.0
ISLE OF MAN,572 sq km,160 km,,,0 km,0.48,0.25,6.79,91840.0,1.0,,,,,,63.0,,,,,1107.0,
ISRAEL,"21,937 sq km",273 km,143.88,124.58,"1,068 km",1.43,8.61,393.86,9043387.0,33.0,9.0,763.0,3.0,442.0,0.0,1497.0,111700.0,98860.0,294300.0,,20391.0,
ITALY,"301,340 sq km","7,600 km",687.95,637.93,"1,836.4 km",0.11,6.74,2478.0,61021855.0,98.0,31.0,20223.0,5.0,1393.0,107700.0,18475.0,615900.0,422500.0,1.0,,487700.0,2400.0
JAMAICA,"10,991 sq km","1,022 km",4.38,7.41,0 km,0.09,4.6,27.14,2820982.0,11.0,17.0,,,,3000.0,,823.0,30580.0,24250.0,,22121.0,
JAPAN,"377,915 sq km","29,751 km",756.0,721.0,0 km,0.41,1.0,4940.0,123719238.0,142.0,33.0,4456.0,16.0,174.0,3200.0,27311.0,370900.0,582500.0,3467000.0,,1218772.0,1770.0
JERSEY,116 sq km,70 km,,,0 km,0.61,1.0,5.57,102785.0,1.0,,,,,,,,,,,576.0,
JORDAN,"89,342 sq km",26 km,13.86,23.39,"1,744 km",0.79,2.23,102.82,11086716.0,16.0,2.0,473.0,1.0,49.0,0.0,509.0,,68460.0,67240.0,,7203.0,
KAZAKHSTAN,"2,724,900 sq km",0 km,66.13,49.2,"13,364 km",0.73,4.3,496.13,19543464.0,63.0,33.0,15429.0,3.0,,1864900.0,16636.0,105900.0,39120.0,290700.0,,96167.0,43983.0
KENYA,"580,367 sq km",536 km,11.82,21.85,"3,457 km",2.09,7.52,251.43,57052004.0,16.0,181.0,,,1432.0,0.0,3819.0,173.0,90620.0,13960.0,,161452.0,
KIRIBATI,811 sq km,"1,143 km",10.75,201.98,0 km,1.02,1.5,249.64,115372.0,4.0,15.0,,,,0.0,,,420.0,,,670.0,5.0
"KOREA, NORTH","120,538 sq km","2,495 km",222.0,2.32,"1,607 km",0.44,-1.1,40.0,26072217.0,39.0,43.0,,23.0,,0.0,7435.0,0.0,8260.0,11270.0,,25554.0,2250.0
"KOREA, SOUTH","99,720 sq km","2,413 km",771.2,698.1,237 km,0.23,4.15,2289.0,51966948.0,71.0,40.0,3790.0,466.0,16.0,37400.0,3979.0,1.0,908800.0,3.0,,100428.0,1600.0
KOSOVO,"10,887 sq km",0 km,3.14,6.13,714 km,,10.75,21.23,1964327.0,3.0,3.0,,2.0,,,437.0,192.0,14040.0,,,2012.0,
KUWAIT,"17,818 sq km",499 km,77.12,48.95,475 km,1.13,-8.86,191.52,3103580.0,4.0,3.0,261.0,4.0,540.0,2720500.0,,705500.0,0.0,915800.0,,5749.0,
KYRGYZSTAN,"199,951 sq km",0 km,3.35,5.92,"4,573 km",0.82,3.61,32.22,6122781.0,18.0,10.0,4195.0,,,700.0,424.0,2290.0,34280.0,6996.0,,34000.0,576.0
LAOS,"236,800 sq km",0 km,7.82,6.53,"5,274 km",1.3,2.53,58.26,7852377.0,8.0,33.0,,,,0.0,422.0,,17460.0,,,39586.0,4600.0
LATVIA,"64,589 sq km",498 km,25.25,26.62,"1,370 km",1.13,4.07,60.46,1821750.0,18.0,24.0,1213.0,1.0,,1600.0,2216.0,16180.0,54370.0,,,70244.0,300.0
LEBANON,"10,400 sq km",225 km,10.15,17.38,484 km,0.64,-7.0,72.58,5331203.0,5.0,3.0,88.0,1.0,,0.0,401.0,,151100.0,,,21705.0,
LESOTHO,"30,355 sq km",0 km,1.08,2.22,"1,106 km",0.76,1.35,5.24,2210646.0,3.0,21.0,,,,0.0,,,5118.0,,,5940.0,
LIBERIA,"111,369 sq km",579 km,554.01,1.24,"1,667 km",2.71,4.99,7.39,5506280.0,2.0,27.0,,,,0.0,429.0,,8181.0,,,10600.0,
LIBYA,"1,759,540 sq km","1,770 km",9.54,14.33,"4,339 km",1.54,31.37,147.94,7252573.0,68.0,78.0,3743.0,2.0,7005.0,1252800.0,,16880.0,168200.0,89620.0,,37000.0,
LIECHTENSTEIN,160 sq km,0 km,571.38,480.52,75 km,0.7,4.22,618.23,39993.0,40.0,23.0,1800.0,2.0,94.0,300.0,5296.0,7345.0,165100.0,61550.0,,71557.0,1292.0
LITHUANIA,"65,300 sq km",90 km,53.4,50.38,"1,545 km",1.04,5.98,110.09,2655755.0,22.0,39.0,1921.0,,,4000.0,1911.0,174800.0,42490.0,196500.0,,84166.0,441.0
LUXEMBOURG,"2,586 sq km",0 km,177.83,148.15,327 km,1.58,5.1,74.05,660924.0,1.0,1.0,142.0,1.0,,0.0,271.0,,59020.0,,,2875.0,37.0
MACAU,28 sq km,41 km,26.62,22.79,3 km,0.71,19.27,44.49,639971.0,1.0,,,2.0,,0.0,,,14180.0,,,428.0,
MADAGASCAR,"587,041 sq km","4,828 km",3.34,4.77,0 km,2.22,4.4,42.32,28812195.0,26.0,57.0,,,,0.0,836.0,,18880.0,,,31640.0,600.0
MALAWI,"118,484 sq km",0 km,1.54,3.58,"2,857 km",2.28,2.75,29.66,21279597.0,7.0,25.0,,,,0.0,767.0,,4769.0,,,15452.0,700.0
MALAYSIA,"329,847 sq km","4,675 km",256.66,230.19,"2,742 km",1.01,3.09,884.11,34219975.0,39.0,75.0,6439.0,4.0,1937.0,593800.0,1851.0,208400.0,304600.0,528300.0,,144403.0,7200.0
MALDIVES,298 sq km,644 km,3.95,3.5,0 km,0.17,41.75,9.79,389568.0,7.0,2.0,,,,0.0,,,10840.0,,,93.0,
MALI,"1,240,192 sq km",0 km,5.2,6.34,"7,908 km",2.93,3.05,46.45,21359722.0,8.0,17.0,,2.0,,0.0,593.0,,20610.0,,,139107.0,1800.0
MALTA,316 sq km,196.8 km,22.11,21.36,0 km,0.59,10.3,23.16,467138.0,1.0,392.0,,2.0,,0.0,,10400.0,52290.0,,,3096.0,
MARSHALL ISLANDS,181 sq km,370.4 km,1.37,10.7,0 km,1.3,1.11,250.69,80966.0,4.0,11.0,,,,,,,2060.0,,,2028.0,
MAURITANIA,"1,030,700 sq km",754 km,3.18,4.31,"5,002 km",1.96,2.45,24.49,4244878.0,9.0,21.0,,,,0.0,728.0,,17290.0,,,12253.0,1086.0
MAURITIUS,"2,040 sq km",177 km,,,0 km,0.09,,,1309448.0,,,,,,,,,,,,,
MEXICO,"1,964,375 sq km","9,330 km",522.24,544.75,"4,389 km",0.61,4.72,2418.0,129875529.0,243.0,1471.0,17210.0,1.0,,1905500.0,23389.0,155800.0,867500.0,844600.0,,704884.0,2900.0
"MICRONESIA, FEDERATED STATES OF",702 sq km,"6,112 km",179.0,126.0,0 km,0.7,-3.19,375.06,100319.0,6.0,,,,,,,,,,,,
MOLDOVA,"33,851 sq km",0 km,4.2,7.92,"1,885 km",1.14,13.94,36.64,3250532.0,5.0,2.0,2026.0,,,0.0,1171.0,275.0,18160.0,232.0,,9352.0,558.0
MONACO,2 sq km,4.1 km,964.6,1.37,6 km,0.66,21.55,7.67,31597.0,,,,1.0,,,,,,,,,
MONGOLIA,"1,564,116 sq km",0 km,8.95,9.26,"8,082 km",0.83,1.64,39.06,3255468.0,15.0,29.0,,1.0,,16700.0,1815.0,,24190.0,,,113200.0,580.0
MONTENEGRO,"13,812 sq km",293.5 km,2.5,3.64,680 km,0.43,12.43,12.76,602445.0,5.0,621.0,,1.0,,0.0,250.0,357.0,6448.0,,,7762.0,
MONTSERRAT,102 sq km,40 km,,,0 km,0.46,,,5440.0,,,,,,,,,,,,,
MOROCCO,"716,550 sq km","2,945 km",47.08,60.05,"3,523.5 km",0.88,7.93,303.34,37067420.0,36.0,26.0,944.0,1.0,270.0,0.0,2067.0,9504.0,229300.0,66230.0,,57300.0,
MOZAMBIQUE,"799,380 sq km","2,470 km",6.4,10.39,"4,783 km",2.55,2.36,39.35,32513805.0,21.0,77.0,972.0,,,0.0,4787.0,,25130.0,,,31083.0,460.0
NAMIBIA,"824,292 sq km","1,572 km",,,"4,220 km",1.83,,,2727409.0,,,,,,,,,,,,,
NAURU,21 sq km,30 km,187.0,94.2,0 km,0.42,1.5,149.47,9852.0,1.0,6.0,,,,0.0,,,449.0,,,30.0,
NEPAL,"147,181 sq km",0 km,2.52,16.99,"3,159 km",0.74,4.25,115.09,30899443.0,11.0,36.0,,,,0.0,59.0,,26120.0,,,27990.0,
NETHERLANDS,"41,543 sq km",451 km,839.6,735.7,"1,053 km",0.36,4.86,992.67,17463930.0,23.0,6.0,14000.0,1.0,2500.0,76100.0,3055.0,2.0,,1.0,3000.0,139124.0,6237.0
NEW CALEDONIA,"18,575 sq km","2,254 km",1.92,2.26,0 km,1.17,2.0,10.27,300682.0,12.0,13.0,,8.0,,0.0,,,19100.0,,,5622.0,
NEW ZEALAND,"268,838 sq km","15,134 km",,,0 km,0.92,,,5223100.0,,,,,,,,,,,,,
NICARAGUA,"130,370 sq km",910 km,6.62,8.31,"1,253 km",0.91,10.34,38.63,6359689.0,12.0,135.0,,,54.0,200.0,,460.0,20120.0,14720.0,,23897.0,2220.0
NIGER,1.267 million sq km,0 km,1.34,3.54,"5,834 km",3.66,1.39,29.96,25396840.0,10.0,20.0,,1.0,464.0,8000.0,,5422.0,3799.0,15280.0,,18949.0,300.0
NIGERIA,"923,768 sq km",853 km,50.86,66.11,"4,477 km",2.53,3.65,1050.0,230842743.0,40.0,14.0,4045.0,5.0,4441.0,1646900.0,3798.0,2332.0,223400.0,35010.0,,195000.0,8600.0
NIUE,260 sq km,64 km,5.68,43.8,0 km,0.03,6.2,18.7,2000.0,1.0,24.0,,,,0.0,,,54.0,,,234.0,
NORFOLK ISLAND,36 sq km,32 km,,,0 km,0.01,,,1748.0,1.0,27.0,,,,,,,,,,80.0,
NORTH MACEDONIA,"25,713 sq km",0 km,9.16,11.35,838 km,0.11,3.96,34.01,2133410.0,8.0,2.0,262.0,,120.0,0.0,699.0,3065.0,23560.0,,,14182.0,
NORTHERN MARIANA ISLANDS,464 sq km,"1,482 km",914.0,893.0,0 km,0.35,-11.14,1.24,51295.0,3.0,2.0,,1.0,,0.0,,,,,,536.0,
NORWAY,"323,802 sq km","25,148 km",199.07,140.44,"2,566 km",0.79,3.3,368.15,5597924.0,67.0,28.0,8520.0,1.0,1304.0,,3848.0,432800.0,135300.0,371600.0,,94902.0,1577.0
OMAN,"309,500 sq km","2,092 km",46.32,36.5,"1,561 km",1.8,3.09,155.03,3833465.0,13.0,119.0,4224.0,3.0,3558.0,978800.0,,33700.0,6041.0,229600.0,,60230.0,
PAKISTAN,"796,095 sq km","1,046 km",35.57,76.39,"7,257 km",1.91,6.49,1211.0,247653551.0,108.0,43.0,13452.0,23.0,3663.0,100700.0,11881.0,25510.0,264500.0,291200.0,,264175.0,
PALAU,459 sq km,"1,519 km",12.07,180.38,0 km,0.39,-13.33,248.47,21779.0,1.0,2.0,,,,,,,,,,125.0,
PANAMA,"75,420 sq km","2,490 km",27.24,24.63,687 km,1.51,15.34,126.35,4404108.0,57.0,60.0,,3.0,128.0,0.0,77.0,66.0,129200.0,,,,800.0
PAPUA NEW GUINEA,"462,840 sq km","5,152 km",11.0,4.25,824 km,2.31,0.3,36.59,9819350.0,21.0,540.0,,2.0,264.0,37200.0,,0.0,17110.0,22170.0,,9349.0,11000.0
PARAGUAY,"406,752 sq km",0 km,14.15,13.45,"4,655 km",1.12,4.1,91.76,7439863.0,15.0,784.0,,,,2000.0,30.0,,40760.0,,,78811.0,3100.0
PERU,"1,285,216 sq km","2,414 km",66.1,58.61,"7,062 km",0.5,13.35,421.94,32440172.0,59.0,132.0,1526.0,5.0,1106.0,122500.0,,62640.0,65400.0,166600.0,,18699.0,8808.0
PHILIPPINES,"300,000 sq km","36,289 km",87.79,126.51,0 km,1.58,5.7,921.83,109035343.0,7.0,2.0,,5.0,,10300.0,,26710.0,211400.0,215500.0,,,
PITCAIRN ISLANDS,47 sq km,51 km,,,0 km,0.0,,,50.0,,,,,,,,,,,,,
POLAND,"312,685 sq km",440 km,411.62,380.7,"2,865 km",0.28,6.85,1318.0,37991766.0,87.0,39.0,14198.0,6.0,1374.0,28400.0,19461.0,104800.0,222300.0,554200.0,,420000.0,3997.0
PORTUGAL,"92,090 sq km","1,793 km",105.65,112.41,"1,224 km",0.17,5.48,347.69,10223150.0,43.0,21.0,1344.0,,11.0,8000.0,2526.0,143500.0,78700.0,323000.0,,82900.0,210.0
PUERTO RICO,"9,104 sq km",501 km,73.17,49.01,0 km,1.29,0.21,106.5,3057311.0,17.0,12.0,,,,0.0,,18420.0,127100.0,,,26862.0,
QATAR,"11,586 sq km",563 km,105.55,61.2,87 km,0.86,1.59,249.64,2532104.0,4.0,2.0,288.0,1.0,,1815100.0,,485000.0,12300.0,273800.0,,7039.0,
ROMANIA,"238,391 sq km",225 km,115.88,132.06,"2,844 km",1.01,5.1,588.45,18326327.0,26.0,19.0,3726.0,2.0,2451.0,74000.0,10628.0,103000.0,49420.0,232600.0,,84185.0,1731.0
RUSSIA,"17,098,242 sq km","37,653 km",550.03,379.95,"22,407 km",0.24,4.75,4078.0,141698923.0,594.0,624.0,179000.0,49.0,80000.0,10850000.0,85494.0,3070000.0,45000.0,6171000.0,13658.0,1283387.0,102000.0
RWANDA,"26,338 sq km",0 km,2.11,3.86,930 km,1.68,10.88,30.14,13400541.0,4.0,3.0,,,,0.0,,,6628.0,,,4700.0,90.0
SAINT BARTHELEMY,25 sq km,,,,0 km,0.11,,,7093.0,1.0,,,,,,,,,,,40.0,
"SAINT HELENA, ASCENSION, AND TRISTAN DA CUNHA",394 sq km,60 km,19.0,20.53,0 km,0.11,,31.1,7935.0,2.0,30.0,,,,0.0,,,65.0,,,198.0,
SAINT KITTS AND NEVIS,261 sq km,135 km,408.47,441.19,0 km,0.59,-0.88,1.26,54817.0,2.0,220.0,,,,0.0,50.0,,1743.0,,,383.0,
SAINT LUCIA,616 sq km,158 km,890.72,846.48,0 km,0.27,12.23,2.34,167591.0,2.0,363.0,,,,0.0,,,3113.0,,,1210.0,
SAINT MARTIN,50 sq km,58.9 km,,,16 km,0.31,,561.5,32897.0,1.0,,,,,,,,,,,,
SAINT PIERRE AND MIQUELON,242 sq km,120 km,6.64,95.35,0 km,1.19,,261.3,5195.0,2.0,37.0,,,,0.0,,,650.0,,,117.0,
SAINT VINCENT AND THE GRENADINES,389 sq km,84 km,125.78,415.73,0 km,0.16,1.35,1.43,100804.0,5.0,1.0,,,,0.0,,,1621.0,,,,
SAMOA,"2,831 sq km",403 km,97.77,430.01,0 km,0.65,-7.08,1.21,207501.0,1.0,3.0,,,,0.0,,,2363.0,,,1150.0,
SAN MARINO,61 sq km,0 km,3.83,2.55,37 km,0.59,-6.65,1.92,34892.0,292.0,,,,,,,,,,,292.0,
SAO TOME AND PRINCIPE,964 sq km,209 km,75.26,201.15,0 km,1.45,1.88,904.06,220372.0,2.0,1070.0,,,,0.0,,,1027.0,,,1300.0,
SAUDI ARABIA,"2,149,690 sq km","2,640 km",286.5,213.02,"4,272 km",1.65,3.24,1594.0,35939806.0,82.0,132.0,2940.0,10.0,5117.0,10815700.0,5410.0,1784000.0,609600.0,2944000.0,,221372.0,
SENEGAL,"196,722 sq km",531 km,10.27,5.35,"2,684 km",2.52,3.9,35.73,18384660.0,4.0,12.0,,,,0.0,1086.0,,18460.0,,,44301.0,1300.0
SERBIA,"77,474 sq km",0 km,33.73,39.04,"2,322 km",0.63,7.55,135.53,6693375.0,10.0,16.0,1936.0,2.0,413.0,15200.0,3333.0,15750.0,18720.0,74350.0,,44248.0,587.0
SEYCHELLES,455 sq km,491 km,1.75,1.82,0 km,0.6,7.86,2.85,97617.0,7.0,7.0,,1.0,,0.0,,,7225.0,,,526.0,
SIERRA LEONE,"71,740 sq km",402 km,700.97,1.42,"1,093 km",2.41,4.1,13.6,8908040.0,1.0,7.0,,2.0,,0.0,,,6439.0,,,11701.0,800.0
SINGAPORE,719 sq km,193 km,733.78,609.28,0 km,0.9,7.61,578.25,5975383.0,9.0,,,,,0.0,,1.0,,755000.0,,3500.0,
SINT MAARTEN,34 sq km,58.9 km,787.98,992.66,16 km,1.19,-6.6,1.44,45677.0,1.0,,,,,,,,10440.0,,,53.0,
SLOVAKIA,"49,035 sq km",0 km,107.43,107.36,"1,587 km",0.13,3.01,173.58,5425319.0,19.0,15.0,35571.0,1.0,510.0,3800.0,3627.0,81100.0,38340.0,131300.0,,56926.0,172.0
SLOVENIA,"20,273 sq km",46.6 km,51.63,47.66,"1,211 km",0.08,8.21,84.4,2099790.0,9.0,7.0,1155.0,,,0.0,1207.0,29350.0,93060.0,,,38985.0,710.0
SOLOMON ISLANDS,"28,896 sq km","5,313 km",413.66,619.46,0 km,1.69,-0.2,1.7,714766.0,1.0,35.0,,3.0,,0.0,,,1577.0,,,1390.0,
SOMALIA,"637,657 sq km","3,025 km",819.0,94.43,"2,385 km",2.49,4.05,19.4,12693796.0,8.0,44.0,,,,0.0,,,5590.0,,,15000.0,
SOUTH AFRICA,"1,219,090 sq km","2,798 km",130.88,104.81,"5,244 km",1.08,4.91,790.62,58048332.0,130.0,277.0,1293.0,,992.0,97900.0,20986.0,105600.0,195200.0,487100.0,,750000.0,
SOUTH SUDAN,"644,329 sq km",0 km,4.65,4.04,"6,018 km",4.78,-5.2,20.01,12118379.0,4.0,84.0,,3.0,,157100.0,248.0,,7160.0,,,90200.0,
SPAIN,"505,370 sq km","4,964 km",11.9,15.3,"1,952.7 km",0.12,7.4,167.4,47222613.0,102.0,33.0,10481.0,13.0,358.0,0.0,15489.0,,406.0,,4378.0,683175.0,1000.0
SRI LANKA,"65,610 sq km","1,340 km",13.08,18.27,0 km,0.56,3.33,296.6,23326272.0,11.0,7.0,,1.0,,0.0,1562.0,3871.0,66280.0,34210.0,,114093.0,160.0
SUDAN,"1,861,484 sq km",853 km,5.92,9.79,"6,819 km",2.55,-1.87,168.98,49197555.0,17.0,50.0,156.0,7.0,4070.0,66900.0,7251.0,8541.0,24340.0,94830.0,,31000.0,4068.0
SURINAME,"163,820 sq km",386 km,2.3,1.88,"1,907 km",1.11,-2.73,9.05,639759.0,6.0,49.0,,,50.0,14800.0,,14000.0,10700.0,7571.0,,4304.0,1200.0
SVALBARD,"62,045 sq km","3,587 km",,,0 km,0.03,,,2926.0,1.0,3.0,,1.0,,,,4488.0,18600.0,,,40.0,
SWEDEN,"450,295 sq km","3,218 km",290.79,263.27,"2,211 km",0.51,2.6,574.88,10536338.0,149.0,82.0,1626.0,2.0,,10600.0,10910.0,371100.0,229600.0,413200.0,,573134.0,2052.0
SWITZERLAND,"41,277 sq km",0 km,,,"1,770 km",0.78,,,8563760.0,,,,,,,,,,,,,
SYRIA,"187,437 sq km",193 km,1.85,6.28,"2,363 km",6.39,-3.87,50.28,22933531.0,29.0,61.0,3170.0,6.0,2029.0,80800.0,2052.0,12520.0,38080.0,111600.0,,69873.0,900.0
TAIWAN,"35,980 sq km","1,566.3 km",388.49,308.74,0 km,0.03,2.71,1143.0,23588613.0,35.0,2.0,2200.0,31.0,13500.0,800.0,,349600.0,418300.0,924000.0,,43206.0,
TAJIKISTAN,"144,100 sq km",0 km,2.16,4.26,"4,130 km",1.94,9.2,38.06,9245937.0,17.0,7.0,549.0,,38.0,300.0,680.0,0.0,22460.0,172.0,,30000.0,200.0
TANZANIA,"947,300 sq km","1,424 km",8.55,9.18,"4,161 km",2.75,4.28,159.33,65642682.0,10.0,156.0,311.0,,891.0,0.0,4097.0,,67830.0,,,145203.0,1594.0
THAILAND,"513,120 sq km","3,219 km",296.0,295.78,"5,673 km",0.2,1.53,1223.0,69794997.0,63.0,38.0,5900.0,7.0,1097.0,438200.0,4127.0,278300.0,134200.0,1.0,,180053.0,4000.0
TIMOR-LESTE,"14,874 sq km",706 km,2.31,1.52,253 km,2.1,5.29,6.65,1476042.0,2.0,4.0,,8.0,,14000.0,,,3481.0,,,6040.0,
TOGO,"56,785 sq km",56 km,1.72,2.39,"1,880 km",2.45,5.26,18.37,8703961.0,2.0,6.0,62.0,,,0.0,568.0,,13100.0,,,9951.0,50.0
TOKELAU,12 sq km,101 km,103000.0,15792720.0,0 km,0.01,,7711583.0,1647.0,,,,,,,,,,,,10.0,
TONGA,747 sq km,419 km,58.74,285.68,0 km,0.3,-2.67,651.25,105221.0,1.0,5.0,,,,0.0,,0.0,910.0,0.0,,680.0,
TRINIDAD AND TOBAGO,"5,128 sq km",362 km,11.47,8.59,0 km,0.12,-1.03,35.15,1407460.0,2.0,2.0,257.0,,,81000.0,,106100.0,0.0,134700.0,,,
TUNISIA,"163,610 sq km","1,148 km",19.74,24.27,"1,495 km",0.63,4.32,127.51,11976182.0,15.0,14.0,3111.0,,1381.0,42500.0,2173.0,13660.0,85340.0,27770.0,,,
TURKEY (TURKIYE),"783,562 sq km","7,200 km",282.85,285.58,"2,816 km",0.64,11.35,2668.0,83593483.0,91.0,7.0,14666.0,20.0,3293.0,70300.0,11497.0,141600.0,560000.0,657900.0,,67333.0,1200.0
TURKMENISTAN,"488,100 sq km",0 km,7.46,4.57,"4,158 km",0.95,6.3,92.33,5690818.0,21.0,5.0,7500.0,1.0,1501.0,235300.0,5113.0,53780.0,0.0,191100.0,,58592.0,1300.0
TURKS AND CAICOS ISLANDS,948 sq km,389 km,827.0,544.22,0 km,1.81,2.1,835.17,59367.0,6.0,2.0,,,,0.0,,,1369.0,,,121.0,
TUVALU,26 sq km,24 km,2.7,51.19,0 km,0.81,2.99,55.17,11639.0,1.0,1.0,,,,,,,,,,8.0,
UGANDA,"241,038 sq km",0 km,6.18,10.71,"2,729 km",3.22,3.54,103.01,47729952.0,5.0,42.0,,,,0.0,1244.0,,31490.0,,,20544.0,907.0
UKRAINE,"603,550 sq km","2,782 km",81.5,84.17,"5,581 km",2.33,3.4,379.89,43306477.0,108.0,79.0,36720.0,9.0,4514.0,57700.0,21733.0,1828.0,167000.0,63670.0,,169694.0,1672.0
UNITED ARAB EMIRATES,"83,600 sq km","1,318 km",335.24,246.89,"1,066 km",0.58,3.92,653.07,9973449.0,25.0,18.0,3277.0,5.0,3287.0,3769100.0,,817700.0,392000.0,943500.0,,4080.0,
UNITED KINGDOM,"243,610 sq km","12,429 km",468.2,580.7,499 km,0.49,4.1,3136.0,68138484.0,271.0,189.0,502.0,9.0,,890400.0,16390.0,613800.0,907500.0,1.0,,394428.0,3200.0
UNITED STATES,"9,833,517 sq km","19,924 km",1645.0,2407.0,"12,002 km",0.68,5.95,21132.0,339665118.0,5080.0,8977.0,1984321.0,5664.0,175000.0,18600000.0,293564.0,5920000.0,2190000.0,20300000.0,240711.0,6586610.0,41009.0
URUGUAY,"176,215 sq km",660 km,18.82,15.05,"1,591 km",0.27,4.37,78.12,3416264.0,11.0,122.0,257.0,,160.0,400.0,1673.0,0.0,9591.0,42220.0,,77732.0,1600.0
UZBEKISTAN,"447,400 sq km",0 km,16.4,27.77,"6,893 km",1.61,7.42,270.06,31360836.0,33.0,20.0,13700.0,,944.0,5200.0,4642.0,3977.0,0.0,61740.0,,86496.0,1100.0
VANUATU,"12,189 sq km","2,528 km",88.81,495.86,0 km,1.59,0.45,888.16,313046.0,3.0,28.0,,,,0.0,,,1073.0,,,1070.0,
VENEZUELA,"912,050 sq km","2,800 km",83.4,18.43,"5,267 km",2.4,-19.67,269.07,30518260.0,127.0,317.0,5941.0,3.0,7588.0,604800.0,447.0,325800.0,20640.0,926300.0,,96189.0,7100.0
VIETNAM,"331,210 sq km","3,444 km",339.98,338.02,"4,616 km",0.93,2.56,1036.0,104799174.0,38.0,7.0,72.0,1.0,,197700.0,2600.0,25620.0,282800.0,153800.0,,195468.0,47130.0
VIRGIN ISLANDS,"1,910 sq km",188 km,1.81,2.49,0 km,0.49,-2.15,3.87,104917.0,2.0,,,,,0.0,,3285.0,23480.0,,,1260.0,
WALLIS AND FUTUNA,142 sq km,129 km,47450.0,61.17,0 km,0.23,,60.0,15929.0,2.0,,,,,,,,,,,,
WEST BANK,"5,860 sq km",0 km,3.18,10.24,478 km,2.1,7.05,27.78,3176549.0,2.0,,,1.0,,0.0,,19.0,22740.0,,,4686.0,
WORLD,510.072 million sq km,"356,000 km",28108.0,27120162000000.0,,1.03,5.87,134080.0,7979261010.0,,,,6524.0,,,1148186.0,29.0,,88.0,,,2293412.0
YEMEN,"527,968 sq km","1,906 km",384.5,4.08,"1,601 km",1.83,-5.9,73.63,31565602.0,17.0,40.0,641.0,,1370.0,70100.0,,12670.0,75940.0,20180.0,,71300.0,
ZAMBIA,"752,618 sq km",0 km,11.72,7.7,"6,043.15 km",2.86,4.6,63.03,20216029.0,8.0,80.0,,,771.0,0.0,3126.0,371.0,10150.0,13120.0,,67671.0,2250.0
ZIMBABWE,"390,757 sq km",0 km,5.26,5.49,"3,229 km",1.99,8.47,33.83,15418674.0,17.0,179.0,,,,800.0,3427.0,,26400.0,,,97267.0,223.0
