Country,airports_paved_runways_count,airports_unpaved_runways_count,heliports_count,roadways_km,railways_km,waterways_km,gas_pipelines_km,oil_pipelines_km,refined_products_pipelines_km,water_pipelines_km
AFGHANISTAN,29.0,17.0,1.0,34903.0,,1200.0,466.0,,,
ALBANIA,3.0,,,3945.0,424.0,41.0,498.0,,,
ALGERIA,67.0,82.0,4.0,104000.0,4020.0,,16415.0,7036.0,,
AMERICAN SAMOA,3.0,,,241.0,,,,,,
ANDORRA,0.0,0.0,0.0,269.0,0.0,0.0,,,,
ANGOLA,32.0,70.0,1.0,26000.0,2761.0,1300.0,352.0,1065.0,,
ANGUILLA,1.0,93.0,,175.0,,,,,,
ANTARCTICA,17.0,17.0,53.0,,,,,,,
ANTIGUA AND BARBUDA,2.0,1.0,,1170.0,,,,,,
ARGENTINA,161.0,977.0,2.0,281290.0,17866.0,11000.0,29930.0,6248.0,,
ARMENIA,10.0,1.0,,7700.0,686.0,,3838.0,,,
ARUBA,1.0,,,1000.0,,,,,,
AUSTRALIA,349.0,131.0,1.0,873573.0,36064.0,2000.0,637.0,,,
AUSTRIA,24.0,28.0,1.0,137039.0,6123.0,358.0,1888.0,594.0,,
AZERBAIJAN,30.0,7.0,1.0,24981.0,,,3890.0,2446.0,,
"BAHAMAS, THE",24.0,37.0,1.0,2700.0,,,,,,
BAHRAIN,4.0,730.0,1.0,4122.0,,,20.0,54.0,,
BANGLADESH,16.0,2.0,3.0,369105.0,2460.0,8370.0,2950.0,,,
BARBADOS,1.0,,,1700.0,,,33.0,64.0,,
BELARUS,33.0,32.0,1.0,86600.0,5528.0,2500.0,5386.0,1589.0,,
BELGIUM,26.0,15.0,1.0,118414.0,3602.0,2043.0,3139.0,154.0,,
BELIZE,6.0,41.0,,3281.0,,825.0,,,,
BENIN,1.0,5.0,,16000.0,438.0,150.0,134.0,,,
BERMUDA,1.0,,,447.0,,,,,,
BHUTAN,2.0,1.0,,12205.0,,,,,,
BOLIVIA,21.0,834.0,,90568.0,3960.0,10000.0,5457.0,2511.0,,
BOSNIA AND HERZEGOVINA,7.0,17.0,6.0,22926.0,965.0,990.0,147.0,,,
BOTSWANA,10.0,64.0,,31747.0,888.0,,,,,
BRAZIL,698.0,3395.0,13.0,2000000.0,29850.0,50000.0,17312.0,5959.0,6000.0,
BRITISH VIRGIN ISLANDS,2.0,2.0,,200.0,,,,,,
BRUNEI,1.0,417.0,3.0,2976.0,,209.0,33.0,,,
BULGARIA,57.0,11.0,1.0,19512.0,4029.0,470.0,2765.0,346.0,,
BURKINA FASO,2.0,21.0,,15304.0,622.0,,,,,
BURMA,36.0,28.0,11.0,157000.0,5031.0,12800.0,3739.0,1321.0,,
BURUNDI,1.0,6.0,1.0,12322.0,,673.0,,,,
CABO VERDE,9.0,418.0,,1350.0,,,,,,
CAMBODIA,6.0,10.0,1.0,47263.0,642.0,3700.0,,,,
CAMEROON,11.0,22.0,,77589.0,987.0,,53.0,1107.0,,35.0
CANADA,523.0,944.0,26.0,1042300.0,49422.0,636.0,110000.0,100000.0,16500.0,
CENTRAL AFRICAN REPUBLIC,1.0,37.0,,24000.0,,2800.0,,,,
CHAD,9.0,50.0,,40000.0,,12400.0,,582.0,,
CHILE,90.0,391.0,1.0,77801.0,,,3160.0,985.0,,
CHINA,510.0,23.0,92.0,4960600.0,150000.0,110000.0,70000.0,22900.0,9500.0,
CHRISTMAS ISLAND,1.0,110.0,,142.0,18.0,,,,,
COCOS (KEELING) ISLANDS,1.0,12.0,,22.0,,,,,,
COLOMBIA,121.0,715.0,3.0,205379.0,2141.0,24725.0,4991.0,6796.0,,
COMOROS,4.0,207.0,,880.0,,,,,,
"CONGO, DEMOCRATIC REPUBLIC OF THE",26.0,172.0,1.0,152373.0,4007.0,15000.0,62.0,77.0,,
"CONGO, REPUBLIC OF THE",8.0,19.0,,23324.0,510.0,1120.0,232.0,982.0,,
COOK ISLANDS,1.0,10.0,,295.0,,,,,,
COSTA RICA,7.0,20.0,1.0,81996.0,660.0,980.0,256.0,118.0,,
CROATIA,24.0,45.0,1.0,26958.0,2617.0,4714.0,2410.0,610.0,,
CUBA,64.0,69.0,,60000.0,8367.0,240.0,41.0,230.0,,
CURACAO,1.0,,,550.0,,,,,,
CZECHIA,41.0,87.0,1.0,55744.0,9548.0,664.0,7160.0,675.0,,
DENMARK,28.0,52.0,,74558.0,2682.0,400.0,1536.0,330.0,,
DJIBOUTI,3.0,10.0,,2893.0,97.0,,,,,
DOMINICA,2.0,750.0,,1512.0,,,,,,
DOMINICAN REPUBLIC,4.0,10.0,,4102.0,,,,,,
ECUADOR,104.0,328.0,2.0,43950.0,965.0,1500.0,123.0,2131.0,,
EGYPT,11.0,11.0,7.0,65050.0,5085.0,3500.0,486.0,,,
EL SALVADOR,5.0,63.0,2.0,9012.0,,422.0,,,,
EQUATORIAL GUINEA,6.0,1.0,,2880.0,,,42.0,,,
ERITREA,4.0,9.0,1.0,16000.0,306.0,,,,,
ESTONIA,13.0,5.0,1.0,58412.0,1441.0,335.0,2360.0,,,
ESWATINI,2.0,12.0,,3769.0,301.0,,,,,
ETHIOPIA,17.0,40.0,,120171.0,659.0,,,,,
EUROPEAN UNION,1882.0,1244.0,,4894173.0,4894173.0,42000.0,,,,
FALKLAND ISLANDS (ISLAS MALVINAS),2.0,5.0,,440.0,,,,,,
FAROE ISLANDS,1.0,460.0,,960.0,,,,,,
FIJI,4.0,24.0,,3440.0,597.0,203.0,,,,
FINLAND,74.0,74.0,,454000.0,5918.0,8000.0,1288.0,,,
FRANCE,294.0,170.0,1.0,1053215.0,27860.0,,15322.0,2939.0,,
FRENCH POLYNESIA,45.0,9.0,1.0,2590.0,,,,,,
FRENCH SOUTHERN AND ANTARCTIC LANDS,4.0,4.0,3.0,,,,,,,
GABON,14.0,30.0,,14300.0,649.0,1600.0,807.0,1639.0,,
"GAMBIA, THE",1.0,2459.0,,2977.0,,390.0,,,,
GAZA STRIP,1.0,,1.0,,,,,,,
GEORGIA,18.0,4.0,2.0,20295.0,1363.0,,1596.0,1175.0,,
GERMANY,318.0,221.0,23.0,830000.0,39379.0,7300.0,26985.0,2400.0,4479.0,8.0
GHANA,7.0,3.0,,65725.0,947.0,1293.0,,,,
GIBRALTAR,1.0,,,29.0,,,,,,
GREECE,68.0,9.0,9.0,117000.0,2345.0,6.0,1466.0,94.0,,
GREENLAND,10.0,5.0,,,,,,,,
GRENADA,3.0,225.0,,1127.0,,,,,,
GUAM,4.0,1.0,,1045.0,,,,,,
GUATEMALA,16.0,275.0,1.0,17440.0,800.0,990.0,,480.0,,
GUERNSEY,2.0,,,260.0,,,,,,
GUINEA-BISSAU,9.0,11.0,,16665.0,906.0,1000.0,43.0,,,
GUYANA,11.0,106.0,,3995.0,,330.0,,,,
HONDURAS,13.0,90.0,,14742.0,699.0,465.0,,,,
HUNGARY,20.0,21.0,3.0,203601.0,7687.0,1622.0,5874.0,,,
ICELAND,7.0,89.0,,12898.0,,,,,,
INDIA,253.0,93.0,45.0,6371847.0,68525.0,14500.0,16000.0,8943.0,13977.0,
INDONESIA,186.0,487.0,76.0,496607.0,8159.0,21579.0,1064.0,,,
IRAN,140.0,179.0,26.0,223485.0,,850.0,973.0,,,
IRAQ,72.0,30.0,16.0,59623.0,2272.0,5279.0,2455.0,5432.0,,
IRELAND,16.0,24.0,,99830.0,1688.0,956.0,2427.0,,,
ISLE OF MAN,1.0,,,1107.0,63.0,,,,,
ISRAEL,33.0,9.0,3.0,20391.0,1497.0,,763.0,442.0,,
ITALY,98.0,31.0,5.0,487700.0,18475.0,2400.0,20223.0,1393.0,,
JAMAICA,11.0,17.0,,22121.0,,,,,,
JAN MAYEN,1.0,1.0,,,,,,,,
JAPAN,142.0,33.0,16.0,1218772.0,27311.0,1770.0,4456.0,174.0,,104.0
JERSEY,1.0,,,576.0,,,,,,
JORDAN,16.0,2.0,1.0,7203.0,509.0,,473.0,49.0,,
KAZAKHSTAN,63.0,33.0,3.0,96167.0,16636.0,43983.0,15429.0,,,
KENYA,16.0,181.0,,161452.0,3819.0,,,1432.0,,
KIRIBATI,4.0,15.0,,670.0,,5.0,,,,
"KOREA, NORTH",39.0,43.0,23.0,25554.0,7435.0,2250.0,,,,
"KOREA, SOUTH",71.0,40.0,466.0,100428.0,3979.0,1600.0,3790.0,16.0,,
KOSOVO,3.0,3.0,2.0,2012.0,437.0,,,,,
KUWAIT,4.0,3.0,4.0,5749.0,,,261.0,540.0,,
KYRGYZSTAN,18.0,10.0,,34000.0,424.0,576.0,4195.0,,,
LAOS,8.0,33.0,,39586.0,422.0,4600.0,,,,
LATVIA,18.0,24.0,1.0,70244.0,2216.0,300.0,1213.0,,,
LEBANON,5.0,3.0,1.0,21705.0,401.0,,88.0,,,
LESOTHO,3.0,21.0,,5940.0,,,,,,
LIBERIA,2.0,27.0,,10600.0,429.0,,,,,
LIBYA,68.0,78.0,2.0,37000.0,,,3743.0,7005.0,,
LIECHTENSTEIN,40.0,23.0,2.0,71557.0,5296.0,1292.0,1800.0,94.0,,
LITHUANIA,22.0,39.0,,84166.0,1911.0,441.0,1921.0,,,
LUXEMBOURG,1.0,1.0,1.0,2875.0,271.0,37.0,142.0,,,
MACAU,1.0,,2.0,428.0,,,,,,
MADAGASCAR,26.0,57.0,,31640.0,836.0,600.0,,,,
MALAWI,7.0,25.0,,15452.0,767.0,700.0,,,,
MALAYSIA,39.0,75.0,4.0,144403.0,1851.0,7200.0,6439.0,1937.0,,
MALDIVES,7.0,2.0,,93.0,,,,,,
MALI,8.0,17.0,2.0,139107.0,593.0,1800.0,,,,
MALTA,1.0,392.0,2.0,3096.0,,,,,,
MARSHALL ISLANDS,4.0,11.0,,2028.0,,,,,,
MAURITANIA,9.0,21.0,,12253.0,728.0,1086.0,,,,
MEXICO,243.0,1471.0,1.0,704884.0,23389.0,2900.0,17210.0,,,
"MICRONESIA, FEDERATED STATES OF",6.0,,,,,,,,,
MOLDOVA,5.0,2.0,,9352.0,1171.0,558.0,2026.0,,,
MONACO,,,1.0,,,,,,,
MONGOLIA,15.0,29.0,1.0,113200.0,1815.0,580.0,,,,
MONTENEGRO,5.0,621.0,1.0,7762.0,250.0,,,,,
MOROCCO,36.0,26.0,1.0,57300.0,2067.0,,944.0,270.0,,
MOZAMBIQUE,21.0,77.0,,31083.0,4787.0,460.0,972.0,,,
NAURU,1.0,6.0,,30.0,,,,,,
NEPAL,11.0,36.0,,27990.0,59.0,,,,,
NETHERLANDS,23.0,6.0,1.0,139124.0,3055.0,6237.0,14000.0,2500.0,3000.0,
NEW CALEDONIA,12.0,13.0,8.0,5622.0,,,,,,
NICARAGUA,12.0,135.0,,23897.0,,2220.0,,54.0,,
NIGER,10.0,20.0,1.0,18949.0,,300.0,,464.0,,
NIGERIA,40.0,14.0,5.0,195000.0,3798.0,8600.0,4045.0,4441.0,,
NIUE,1.0,24.0,,234.0,,,,,,
NORFOLK ISLAND,1.0,27.0,,80.0,,,,,,
NORTH MACEDONIA,8.0,2.0,,14182.0,699.0,,262.0,120.0,,
NORTHERN MARIANA ISLANDS,3.0,2.0,1.0,536.0,,,,,,
NORWAY,67.0,28.0,1.0,94902.0,3848.0,1577.0,8520.0,1304.0,,
OMAN,13.0,119.0,3.0,60230.0,,,4224.0,3558.0,,
PAKISTAN,108.0,43.0,23.0,264175.0,11881.0,,13452.0,3663.0,,
PALAU,1.0,2.0,,125.0,,,,,,
PANAMA,57.0,60.0,3.0,,77.0,800.0,,128.0,,
PAPUA NEW GUINEA,21.0,540.0,2.0,9349.0,,11000.0,,264.0,,
PARACEL ISLANDS,1.0,,,,,,,,,
PARAGUAY,15.0,784.0,,78811.0,30.0,3100.0,,,,
PERU,59.0,132.0,5.0,18699.0,,8808.0,1526.0,1106.0,,
PHILIPPINES,7.0,2.0,5.0,,,,,,,
POLAND,87.0,39.0,6.0,420000.0,19461.0,3997.0,14198.0,1374.0,,
PORTUGAL,43.0,21.0,,82900.0,2526.0,210.0,1344.0,11.0,,
PUERTO RICO,17.0,12.0,,26862.0,,,,,,
QATAR,4.0,2.0,1.0,7039.0,,,288.0,,,
ROMANIA,26.0,19.0,2.0,84185.0,10628.0,1731.0,3726.0,2451.0,,
RUSSIA,594.0,624.0,49.0,1283387.0,85494.0,102000.0,179000.0,80000.0,13658.0,
RWANDA,4.0,3.0,,4700.0,,90.0,,,,
SAINT BARTHELEMY,1.0,,,40.0,,,,,,
"SAINT HELENA, ASCENSION, AND TRISTAN DA CUNHA",2.0,30.0,,198.0,,,,,,
SAINT KITTS AND NEVIS,2.0,220.0,,383.0,50.0,,,,,
SAINT LUCIA,2.0,363.0,,1210.0,,,,,,
SAINT MARTIN,1.0,,,,,,,,,
SAINT PIERRE AND MIQUELON,2.0,37.0,,117.0,,,,,,
SAINT VINCENT AND THE GRENADINES,5.0,1.0,,,,,,,,
SAMOA,1.0,3.0,,1150.0,,,,,,
SAN MARINO,292.0,,,292.0,,,,,,
SAO TOME AND PRINCIPE,2.0,1070.0,,1300.0,,,,,,
SAUDI ARABIA,82.0,132.0,10.0,221372.0,5410.0,,2940.0,5117.0,,
SENEGAL,4.0,12.0,,44301.0,1086.0,1300.0,,,,
SERBIA,10.0,16.0,2.0,44248.0,3333.0,587.0,1936.0,413.0,,
SEYCHELLES,7.0,7.0,1.0,526.0,,,,,,
SIERRA LEONE,1.0,7.0,2.0,11701.0,,800.0,,,,
SINGAPORE,9.0,,,3500.0,,,,,,
SINT MAARTEN,1.0,,,53.0,,,,,,
SLOVAKIA,19.0,15.0,1.0,56926.0,3627.0,172.0,35571.0,510.0,,
SLOVENIA,9.0,7.0,,38985.0,1207.0,710.0,1155.0,,,
SOLOMON ISLANDS,1.0,35.0,3.0,1390.0,,,,,,
SOMALIA,8.0,44.0,,15000.0,,,,,,
SOUTH AFRICA,130.0,277.0,,750000.0,20986.0,,1293.0,992.0,,
SOUTH SUDAN,4.0,84.0,3.0,90200.0,248.0,,,,,
SPAIN,102.0,33.0,13.0,683175.0,15489.0,1000.0,10481.0,358.0,4378.0,
SRI LANKA,11.0,7.0,1.0,114093.0,1562.0,160.0,,,,
SUDAN,17.0,50.0,7.0,31000.0,7251.0,4068.0,156.0,4070.0,,
SURINAME,6.0,49.0,,4304.0,,1200.0,,50.0,,
SVALBARD,1.0,3.0,1.0,40.0,,,,,,
SWEDEN,149.0,82.0,2.0,573134.0,10910.0,2052.0,1626.0,,,
SYRIA,29.0,61.0,6.0,69873.0,2052.0,900.0,3170.0,2029.0,,
TAIWAN,35.0,2.0,31.0,43206.0,,,2200.0,13500.0,,
TAJIKISTAN,17.0,7.0,,30000.0,680.0,200.0,549.0,38.0,,
TANZANIA,10.0,156.0,,145203.0,4097.0,1594.0,311.0,891.0,,
THAILAND,63.0,38.0,7.0,180053.0,4127.0,4000.0,5900.0,1097.0,,
TIMOR-LESTE,2.0,4.0,8.0,6040.0,,,,,,
TOGO,2.0,6.0,,9951.0,568.0,50.0,62.0,,,
TOKELAU,,,,10.0,,,,,,
TONGA,1.0,5.0,,680.0,,,,,,
TRINIDAD AND TOBAGO,2.0,2.0,,,,,257.0,,,
TUNISIA,15.0,14.0,,,2173.0,,3111.0,1381.0,,
TURKEY (TURKIYE),91.0,7.0,20.0,67333.0,11497.0,1200.0,14666.0,3293.0,,
TURKMENISTAN,21.0,5.0,1.0,58592.0,5113.0,1300.0,7500.0,1501.0,,
TURKS AND CAICOS ISLANDS,6.0,2.0,,121.0,,,,,,
TUVALU,1.0,1.0,,8.0,,,,,,
UGANDA,5.0,42.0,,20544.0,1244.0,907.0,,,,
UKRAINE,108.0,79.0,9.0,169694.0,21733.0,1672.0,36720.0,4514.0,,
UNITED ARAB EMIRATES,25.0,18.0,5.0,4080.0,,,3277.0,3287.0,,
UNITED KINGDOM,271.0,189.0,9.0,394428.0,16390.0,3200.0,502.0,,,
UNITED STATES,5080.0,8977.0,5664.0,6586610.0,293564.0,41009.0,1984321.0,175000.0,240711.0,
URUGUAY,11.0,122.0,,77732.0,1673.0,1600.0,257.0,160.0,,
UZBEKISTAN,33.0,20.0,,86496.0,4642.0,1100.0,13700.0,944.0,,
VANUATU,3.0,28.0,,1070.0,,,,,,
VENEZUELA,127.0,317.0,3.0,96189.0,447.0,7100.0,5941.0,7588.0,,
VIETNAM,38.0,7.0,1.0,195468.0,2600.0,47130.0,72.0,,,
VIRGIN ISLANDS,2.0,,,1260.0,,,,,,
WAKE ISLAND,1.0,,,,,,,,,
WALLIS AND FUTUNA,2.0,,,,,,,,,
WEST BANK,2.0,,1.0,4686.0,,,,,,
WORLD,,,6524.0,,1148186.0,2293412.0,,,,
YEMEN,17.0,40.0,,71300.0,,,641.0,1370.0,,
ZAMBIA,8.0,80.0,,67671.0,3126.0,2250.0,,771.0,,
ZIMBABWE,17.0,179.0,,97267.0,3427.0,223.0,,,,
